Var1,name,gp,min,pts,fgm,fga,fg,x3p_made,x3pa,x3p,ftm,fta,ft,oreb,dreb,reb,ast,stl,blk,tov,target_5yrs
0,Brandon Ingram,36,27.4,7.4,2.6,7.6,34.7,0.5,2.1,1000,1.6,2.3,69.9,0.7,3.4,4.1,1.9,0.4,0.4,1.3,no
1,Andrew Harrison,35,26.9,7.2,2,6.7,29.6,0.7,2.8,23.5,2.6,3.4,76.5,0.5,2,2.4,3.7,1.1,0.5,1.6,no
2,JaKarr Sampson,74,15.3,5.2,2,4.7,42.2,0.4,1.7,24.4,0.9,1.3,67,0.5,1.7,2.2,1,0.5,0.3,1,no
3,Malik Sealy,58,11.6,5.7,2.3,5.5,42.6,0.1,0.5,22.6,0.9,1.3,68.9,1,0.9,1.9,0.8,0.6,0.1,1,yes
4,Matt Geiger,48,11.5,4.5,1.6,3,52.4,0,0.1,0,1.3,1.9,67.4,1,1.5,2.5,0.3,0.3,0.4,0.8,yes
5,Tony Bennett,75,11.4,3.7,1.5,3.5,42.3,0.3,1.1,32.5,0.4,0.5,73.2,0.2,0.7,0.8,1.8,0.4,0,0.7,no
6,Don MacLean,62,10.9,6.6,2.5,5.8,43.5,0,0.1,50,1.5,1.8,81.1,0.5,1.4,2,0.6,0.2,0.1,0.7,yes
7,Tracy Murray,48,10.3,5.7,2.3,5.4,41.5,0.4,1.5,30,0.7,0.8,87.5,0.8,0.9,1.7,0.2,0.2,0.1,0.7,yes
8,Duane Cooper,65,9.9,2.4,1,2.4,39.2,0.1,0.5,1000,0.4,0.5,71.4,0.2,0.6,0.8,2.3,0.3,0,1.1,no
9,Dave Johnson,42,8.5,3.7,1.4,3.5,38.3,0.1,0.3,21.4,1,1.4,67.8,0.4,0.7,1.1,0.3,0.2,0,0.7,no
10,Corey Williams,35,6.9,2.3,0.9,2.4,36.5,0,0.1,33.3,0.5,0.6,81.8,0.5,0.3,0.9,0.7,0.1,0.1,0.3,no
12,Lorenzo Williams,27,6.6,1.3,0.6,1.3,47.2,0,0,0,0.1,0.3,28.6,0.6,1.4,2,0.2,0.2,0.6,0.3,yes
13,P.J. Hairston,45,15.3,5.6,1.9,6,32.3,1.1,3.6,30.1,0.7,0.8,86.1,0.5,1.6,2,0.5,0.5,0.3,0.5,no
14,Elmore Spencer,44,6.4,2.4,1,1.9,53.7,0,0,0,0.4,0.7,50,0.4,1,1.4,0.2,0.2,0.4,0.6,yes
15,John Crotty,40,6.1,2.6,0.9,1.8,51.4,0.1,0.4,14.3,0.7,1,68.4,0.1,0.3,0.4,1.4,0.3,0,0.8,yes
16,Stephen Howard,49,5.3,2.1,0.7,1.9,37.6,0,0,0,0.7,1.1,64.2,0.5,0.7,1.2,0.2,0.3,0.2,0.5,no
17,Randy Woods,41,4.2,1.7,0.6,1.6,34.8,0.1,0.3,21.4,0.5,0.6,73.1,0.1,0.2,0.3,1,0.3,0,0.4,no
18,Larry Johnson,82,37.2,19.2,7.5,15.3,49,0.1,0.3,22.7,4.1,5,82.9,3.9,7,11,3.6,1,0.6,1.9,no
19,Larry Johnson,82,37.2,19.2,7.5,15.3,49,0.1,0.3,22.7,4.1,5,82.9,3.9,7,11,3.6,1,0.6,1.9,yes
20,Billy Owens,80,31.4,14.3,5.9,11.1,52.5,0,0.1,11.1,2.6,3.9,65.4,3,5,8,2.4,1.1,0.8,2.2,yes
21,Stacey Augmon,82,30.5,13.3,5.4,11,48.9,0,0.1,16.7,2.6,3.9,66.6,2.3,2.8,5.1,2.5,1.5,0.3,2.2,yes
22,Mark Macon,76,30.3,10.6,4.4,11.7,37.5,0.1,0.4,13.3,1.8,2.4,73,1.1,1.8,2.9,2.2,2,0.2,2,yes
23,Steven Smith,61,29.6,12,4.9,10.7,45.4,0.7,2,32,1.6,2.1,74.8,1.3,1.8,3.1,4.6,1,0.3,2.5,no
24,Mitch McGary,32,15.2,6.3,2.8,5.2,53.3,0,0.1,0,0.8,1.3,62.5,1.7,3.5,5.2,0.4,0.5,0.5,1,no
25,Larry Stewart,76,29.3,10.4,4,7.8,51.4,0,0,0,2.5,3.1,80.7,2.4,3.5,5.9,1.6,0.7,0.6,1.5,yes
26,Mike Iuzzolino,52,24.6,9.3,3.1,6.8,45.1,1.1,2.6,43.4,2.1,2.5,83.6,0.5,1.4,1.9,3.7,0.6,0,1.8,no
27,Doug Smith,76,22.5,8.8,3.8,9.2,41.5,0,0.1,0,1.2,1.6,73.6,1.7,3.4,5.1,1.7,0.8,0.5,1.3,yes
28,Paul Graham,78,22,10.1,3.9,8.7,44.7,0.7,1.8,39,1.6,2.2,74.1,0.9,2,3,2.2,1.2,0.3,1.2,no
29,Donald Hodge,51,20.7,8.4,3.2,6.4,49.7,0,0,0,2,2.9,66.7,2.3,3.1,5.4,0.8,0.5,0.5,1.5,yes
30,Dale Davis,64,20.3,6.2,2.4,4.4,55.2,0,0,0,1.4,2.4,57.2,2.5,3.9,6.4,0.5,0.4,1.2,0.8,yes
31,Stanley Roberts,55,20.3,10.4,4.3,8.1,52.9,0,0,0,1.8,3.6,51.5,2.1,4.1,6.1,0.7,0.4,1.5,1.4,yes
32,Terrell Brandon,82,19.6,7.4,3.1,7.3,41.9,0,0.3,4.3,1.2,1.5,80.6,0.6,1.4,2,3.9,1,0.3,1.7,yes
33,Bison Dele,48,18.9,9.1,3.6,6.8,52.8,0,0,0,2,3,66.9,2.4,3.3,5.7,0.7,0.8,1.1,1.8,yes
34,Spencer Dinwiddie,34,13.4,4.3,1.5,5,30.2,0.4,1.9,18.5,0.9,1,91.2,0.1,1.3,1.4,3.1,0.6,0.2,1,no
35,Tracy Moore,42,18.6,8.5,3.1,7.7,40,0.7,2,35.7,1.5,1.9,83.3,0.7,1.2,2,1.1,0.8,0.1,1.1,yes
36,Greg Anthony,82,18.4,5.5,2,5.3,37,0.1,0.7,14.5,1.4,1.9,74.1,0.4,1.3,1.7,3.8,0.7,0.1,1.2,yes
37,Kenny Anderson,64,17,7,2.9,7.5,39,0,0.2,23.1,1.1,1.5,74.5,0.6,1.4,2,3.2,1.1,0.1,1.5,yes
38,Victor Alexander,80,16.9,7.4,3,5.7,52.9,0,0,0,1.3,1.9,69.1,1.3,2.9,4.2,0.4,0.6,0.8,1.1,yes
39,David Benoit,77,15.1,5.6,2.3,4.9,46.7,0,0.2,21.4,1.1,1.3,81,1.4,2.5,3.8,0.4,0.3,0.6,0.9,yes
40,Kevin Lynch,55,14.9,4.1,1.7,4.1,41.7,0.1,0.1,37.5,0.6,0.8,76.1,0.5,1,1.5,1.5,0.7,0.2,0.8,no
41,LaBradford Smith,48,14.8,5.1,2.1,5.1,40.7,0,0.4,9.5,0.9,1.2,80.4,0.6,1.1,1.7,2.1,0.9,0,1.3,no
42,Chris Corchiani,51,14.5,5,1.5,3.8,39.9,0.2,0.7,27,1.8,2,87.5,0.4,1.2,1.5,2.8,0.9,0,1.4,no
43,Travis Wear,51,13.2,3.9,1.6,4.1,40.2,0.2,0.6,36.7,0.4,0.5,76.9,0.6,1.5,2.1,0.8,0.3,0.2,0.7,no
44,Robert Pack,72,12.4,4.6,1.6,3.8,42.3,0,0.1,0,1.4,1.8,80.3,0.4,0.9,1.3,1.9,0.6,0.1,1.3,yes
45,Pete Chilcutt,69,11.8,3.6,1.6,3.6,45.2,0,0,100,0.3,0.4,82.1,1.1,1.6,2.7,0.6,0.5,0.3,0.6,yes
46,Chris Gatling,54,11.3,5.7,2.2,3.8,56.8,0,0.1,0,1.3,2,66.1,1.4,2,3.4,0.3,0.6,0.7,0.8,yes
47,Tharon Mayes,24,10.6,4.1,1.3,4.1,30.3,0.6,1.7,36.6,1,1.5,66.7,0.1,0.5,0.7,1.5,0.7,0.1,1.3,no
48,Eric Murdock,50,9.6,4.1,1.5,3.7,41.5,0.1,0.5,19.2,0.9,1.2,75.4,0.4,0.7,1.1,1.8,0.6,0.1,1,yes
49,Randy Brown,56,9.6,3.4,1.4,3,45.6,0,0.1,0,0.7,1,65.5,0.5,0.8,1.2,1.1,0.6,0.2,0.8,yes
50,Greg Sutton,67,9,3.7,1.4,3.6,38.8,0.4,1.3,29.2,0.5,0.7,75.6,0.1,0.6,0.7,1.4,0.4,0.1,1,no
51,Elliot Perry,50,8.7,2.5,1,2.6,38,0,0.1,14.3,0.5,0.8,65.9,0.3,0.5,0.8,1.6,0.7,0.1,1,yes
53,Rodney Monroe,38,8.2,3.4,1.4,3.8,36.8,0.2,0.7,22.2,0.5,0.6,82.6,0.3,0.6,0.9,0.7,0.3,0.1,0.6,no
54,John Turner,42,8.2,2.8,1,2.3,43.9,0,0,0,0.7,1.4,52.5,0.9,1,1.9,0.3,0.1,0.1,0.8,no
55,Mark Randall,54,8.2,3.2,1.3,2.8,45.6,0.1,0.3,18.8,0.6,0.8,74.4,0.7,0.6,1.3,0.6,0.2,0.1,0.5,no
56,Sean Green,35,7.3,4,1.8,4.5,39.2,0.1,0.3,20,0.4,0.8,53.6,0.6,0.6,1.2,0.6,0.4,0.2,0.8,no
57,Kevin Brooks,37,7.3,2.8,1.2,2.6,44.3,0.1,0.3,18.2,0.5,0.6,81,0.4,0.7,1.1,0.3,0.2,0.1,0.5,no
58,Doug Lee,-1,6.7,2.6,1.1,2.5,43.1,0.2,0.8,27,0.2,0.4,52.6,0.4,0.4,0.8,0.5,0.2,0,0.3,no
59,Corey Crowder,51,6.4,2.2,0.8,2.2,38.4,0.3,0.6,43.3,0.3,0.4,83.3,0.3,0.5,0.8,0.3,0.1,0,0.3,no
60,Rich King,40,5.3,2.2,0.7,1.8,38,0,0,0,0.9,1.1,75.6,0.5,0.7,1.2,0.3,0.1,0.1,0.5,no
61,Stephen Thompson,19,4.8,1.6,0.7,1.9,37.8,0,0.1,0,0.2,0.4,37.5,0.6,0.4,1,0.4,0.3,0.2,0.3,no
62,Charles Thomas,36,4.3,1.3,0.5,1.4,35.3,0.1,0.5,11.8,0.3,0.4,66.7,0.2,0.4,0.6,0.6,0.1,0,0.5,no
63,Lionel Simmons,79,37.7,18,6.9,16.5,42.2,0,0.1,27.3,4.1,5.5,73.6,2.4,6.4,8.8,4,1.4,1.1,2.9,yes
64,Gary Harris,55,13.1,3.4,1.2,3.9,30.4,0.4,1.9,20.4,0.6,0.9,74.5,0.4,0.8,1.2,0.5,0.7,0.1,0.7,no
65,Derrick Coleman,74,35.2,18.4,6.9,14.9,46.7,0.2,0.5,34.2,4.4,6,73.1,3.6,6.6,10.3,2.2,1,1.3,2.9,yes
66,Travis Mays,64,33.5,14.3,4.6,11.3,40.6,1.1,3.1,36.5,4,5.2,77,0.8,1.9,2.8,4,1.3,0.2,2.5,no
67,Dennis Scott,82,28.5,15.7,6.1,14.4,42.5,1.5,4.1,37.4,1.9,2.5,75,0.8,2.1,2.9,1.6,0.8,0.3,1.6,yes
68,Gary Payton*,82,27.4,7.2,3.2,7,45,0,0.2,7.7,0.8,1.2,71.1,1.3,1.6,3,6.4,2,0.2,2.2,yes
69,Felton Spencer,81,25.9,7.1,2.4,4.7,51.2,0,0,0,2.2,3.1,72.2,3.4,4.6,7.9,0.3,0.6,1.5,0.9,yes
70,Willie Burton,76,25.4,12,4.5,10.2,44.1,0.1,0.4,13.3,3,3.9,78.2,1.5,2,3.4,1.4,0.9,0.3,1.9,yes
71,Dee Brown,82,23.7,8.7,3.5,7.5,46.4,0.1,0.4,20.6,1.7,1.9,87.3,0.5,1.7,2.2,4.2,1,0.2,1.7,no
72,Dee Brown,82,23.7,8.7,3.5,7.5,46.4,0.1,0.4,20.6,1.7,1.9,87.3,0.5,1.7,2.2,4.2,1,0.2,1.7,yes
73,Dee Brown,49,9.2,1.9,0.7,2,32.7,0.1,0.6,21.4,0.5,0.8,64.9,0.2,0.7,0.8,1.7,0.5,0.1,0.6,no
74,Dee Brown,49,9.2,1.9,0.7,2,32.7,0.1,0.6,21.4,0.5,0.8,64.9,0.2,0.7,0.8,1.7,0.5,0.1,0.6,yes
75,Kendall Gill,82,23.7,11,4.6,10.2,45,0,0.2,14.3,1.9,2.2,83.5,1.3,1.9,3.2,3.7,1.3,0.5,2,yes
77,Mahmoud Abdul-Rauf,67,22.5,14.1,6.2,15.1,41.3,0.4,1.5,24,1.3,1.5,85.7,0.5,1.3,1.8,3.1,0.8,0.1,1.6,yes
78,A.J. English,70,20.6,8.8,3.6,8.2,43.9,0,0.4,9.7,1.6,2.2,70.7,0.9,1.2,2.1,2.5,0.4,0.2,1.6,no
79,Danny Ferry,81,20.5,8.6,3.4,7.9,42.8,0.3,1,29.9,1.5,1.9,81.6,1.2,2.3,3.5,1.8,0.5,0.3,1.5,yes
80,Mario Elie,33,19.5,7.2,2.4,4.8,49.7,0.1,0.3,40,2.3,2.7,84.3,1.4,1.9,3.3,1.4,0.6,0.3,0.9,yes
81,Anthony Cook,58,19.3,5.3,2,4.9,41.7,0,0.1,0,1.2,2.2,55,2.3,3.3,5.6,0.4,0.6,1.2,0.9,no
82,Gerald Paddio,70,16.9,7.2,3,7.2,41.9,0.1,0.3,25,1.1,1.3,79.6,0.5,1.1,1.7,1.3,0.3,0.1,1,no
83,Bimbo Coles,82,16.5,4.9,2,4.8,41.2,0.1,0.4,17.6,0.9,1.2,74.7,0.7,1.2,1.9,2.8,0.8,0.1,1.2,yes
84,Bo Kimble,62,16.2,6.9,2.6,6.7,38,0.3,1,29.2,1.5,1.9,77.3,0.7,1.2,1.9,1.2,0.5,0.1,1.2,no
85,Alec Kessler,78,16.1,6.2,2.6,6,42.5,0,0.1,0,1.1,1.7,67.2,1.5,2.8,4.3,0.4,0.2,0.3,1.4,no
86,Loy Vaught,73,16.1,5.5,2.4,4.9,48.7,0,0,0,0.7,1,66.2,1.7,3.1,4.8,0.5,0.3,0.3,0.7,yes
87,Tyrone Hill,74,16.1,5.3,2,4,49.2,0,0,0,1.3,2.1,63.2,2.1,3.1,5.2,0.3,0.5,0.4,1,yes
88,Marcus Liberty,76,15.4,6.7,2.8,6.8,42.1,0.2,0.8,29.8,0.8,1.2,63,1.5,1.4,2.9,0.8,0.6,0.3,0.9,no
89,Terry Mills,-1,14.9,5.7,2.4,5.2,46.5,0,0.1,0,0.9,1.2,71.2,1.5,2.7,4.2,0.6,0.6,0.5,0.8,yes
90,Jamal Robinson,47,14.3,5.6,2.3,5.1,44.6,0,0.2,18.2,1,1.7,58.8,0.4,1.1,1.5,2.8,0.7,0.2,1.6,no
91,Henry James,37,13.6,8.1,3,6.9,44.1,0.6,1.6,40,1.4,1.9,72.2,0.7,1.4,2.1,0.9,0.4,0.1,1,yes
92,Jerrod Mustaf,62,13.3,4.3,1.7,3.7,46.5,0,0,0,0.9,1.4,64.4,0.8,1.9,2.7,0.6,0.2,0.2,1,no
93,Kevin Pritchard,62,12.5,3.9,1.4,3.7,38.4,0.1,0.5,16.1,1,1.2,80.5,0.3,0.8,1,1.3,0.5,0.1,0.9,no
94,Gerald Glass,51,11.9,6.9,2.9,6.7,43.8,0,0.3,11.8,1,1.5,68.4,1.1,0.9,2,0.8,0.6,0.2,0.8,no
95,Larry Robinson,36,11.8,3.9,1.7,4.2,41.3,0,0,0,0.4,0.8,55.6,0.8,0.6,1.4,1,0.4,0,0.8,yes
96,Jud Buechler,74,11.6,3.1,1.3,3.1,41.6,0,0.1,25,0.6,0.9,65.2,0.8,1.1,1.9,0.7,0.5,0.2,0.3,yes
97,Cedric Ceballos,63,11.6,8.2,3.2,6.7,48.7,0,0.1,16.7,1.7,2.6,66.3,1.2,1.2,2.4,0.6,0.3,0.1,1.1,yes
98,Kyle Anderson,33,10.8,2.2,0.9,2.7,34.8,0.1,0.3,27.3,0.3,0.4,64.3,0.2,2,2.2,0.8,0.5,0.2,0.3,no
99,Greg Foster,54,11.2,4.4,1.8,3.9,46,0,0.1,0,0.8,1.1,68.9,1,1.8,2.8,0.7,0.2,0.4,0.8,yes
101,Howard Wright,15,10.9,3.6,1.3,3.1,40.4,0,0.1,0,1.1,1.6,66.7,0.8,2.2,3,0.2,0.3,0.3,0.7,no
102,Tony Smith,64,10.9,3.7,1.5,3.4,44.1,0,0.1,0,0.6,0.9,70.2,0.4,0.7,1.1,2.1,0.4,0.2,1.1,yes
103,Tate George,56,10.6,3.4,1.4,3.4,41.5,0,0,0,0.6,0.7,80,0.3,0.5,0.8,1.9,0.5,0.1,0.8,no
104,Rick Calloway,64,10.6,3.2,1.2,3,39.1,0,0,0,0.9,1.2,69.6,0.4,0.8,1.2,1,0.3,0.1,0.8,no
105,Steve Henson,68,10.1,3.1,1.2,2.8,41.8,0.3,0.8,33.3,0.6,0.6,90.5,0.2,0.5,0.8,1.9,0.5,0,0.6,yes
106,Andy Toolson,47,10,2.9,1.1,2.6,40.3,0.3,0.7,37.5,0.5,0.7,75.8,0.7,0.7,1.4,0.7,0.3,0,0.5,no
107,Jayson Williams,52,9.8,3.5,1.4,3.1,44.7,0,0,50,0.7,1.1,66.1,0.8,1.3,2.1,0.3,0.2,0.1,0.8,yes
108,Kennard Winchester,64,9.5,3.7,1.5,3.8,40,0.1,0.3,40,0.5,0.7,77.8,0.5,0.5,1,0.4,0.3,0.2,0.5,no
109,Johnny O'Bryant,34,10.8,2.9,1.3,3.5,36.7,0,0,0,0.4,0.8,44.4,0.8,1.1,1.9,0.5,0.1,0.1,0.7,no
110,Dwayne Schintzius,42,9.5,3.8,1.6,3.7,43.9,0,0,0,0.5,1,55,0.7,2.2,2.9,0.4,0.1,0.7,0.8,yes
111,Sean Higgins,50,9.3,4.5,1.9,4.2,45.8,0.1,0.4,15.8,0.6,0.7,84.8,0.4,0.9,1.3,0.7,0.2,0,1,yes
112,Elden Campbell,52,7.3,2.8,1.1,2.4,45.5,0,0,0,0.6,0.9,65.3,0.8,1.1,1.8,0.2,0.2,0.7,0.3,yes
113,Kenny Williams,75,7,2.9,1.2,2.4,52,0,0,0,0.5,0.7,68,0.7,1,1.7,0.4,0.1,0.4,0.6,no
114,Keith Askins,39,6.8,2.2,0.9,2.1,42,0.2,0.6,24,0.3,0.6,48,0.8,1,1.7,0.5,0.4,0.3,0.3,yes
115,Scott Williams,51,6.6,2.5,1,2,51,0,0,50,0.4,0.5,71.4,0.8,1.1,1.9,0.3,0.2,0.3,0.5,yes
116,Richard Coffey,52,6.2,1.3,0.5,1.4,37.3,0,0,0,0.2,0.4,54.5,0.8,0.7,1.5,0.1,0.1,0.1,0.1,no
117,Steve Scheffler,39,5.8,1.5,0.5,1,51.3,0,0,0,0.5,0.5,90.5,0.5,0.6,1.2,0.2,0.1,0.1,0.1,yes
118,David Robinson*,82,36.6,24.3,8.4,15.9,53.1,0,0,0,7.5,10.2,73.2,3.7,8.3,12,2,1.7,3.9,3.1,yes
119,James Young,31,10.7,3.4,1.2,3.3,35.3,0.5,2.1,25.8,0.5,0.9,55.2,0.3,1.1,1.4,0.4,0.3,0.1,0.2,no
120,Tim Hardaway,79,33.7,14.7,5.9,12.5,47.1,0.3,1.1,27.4,2.7,3.5,76.4,0.7,3.2,3.9,8.7,2.1,0.1,3.3,no
121,Tim Hardaway,79,33.7,14.7,5.9,12.5,47.1,0.3,1.1,27.4,2.7,3.5,76.4,0.7,3.2,3.9,8.7,2.1,0.1,3.3,yes
122,J.R. Reid,82,33.6,11.1,4.4,9.9,44,0,0.1,0,2.3,3.5,66.4,2.4,6,8.4,1.2,1.1,0.7,2.1,yes
123,Pooh Richardson,82,31.5,11.4,5.2,11.3,46.1,0.3,1,27.7,0.8,1.3,58.9,0.7,2,2.6,6.8,1.6,0.3,1.7,yes
124,Sherman Douglas,81,30.5,14.3,5.7,11.6,49.4,0.1,0.4,16.1,2.8,4,68.7,0.9,1.7,2.5,7.6,1.8,0.1,3,yes
125,Sam Mitchell,80,30.2,12.7,4.7,10.4,44.6,0,0.1,0,3.4,4.4,76.8,2.3,3.5,5.8,1.1,0.8,0.7,1.2,yes
127,Glen Rice,77,30,13.6,6.1,13.9,43.9,0.2,0.9,24.6,1.2,1.6,73.4,1.3,3.3,4.6,1.8,0.9,0.3,1.5,no
128,Mookie Blaylock,50,25.3,10.1,4.2,11.4,37.1,0.4,1.6,22.5,1.3,1.6,77.8,0.8,2,2.8,4.2,1.6,0.3,2.2,yes
129,Sean Elliott,81,25.1,10,3.8,8,48.1,0,0.1,11.1,2.3,2.7,86.6,1.6,2.1,3.7,1.9,0.6,0.2,1.4,yes
130,Blue Edwards,82,23,8.9,3.5,6.9,50.7,0.1,0.4,30,1.8,2.5,71.9,0.8,2.2,3.1,1.8,0.9,0.4,1.9,yes
131,Cory Jefferson,50,10.6,3.7,1.5,3.3,44.9,0,0.3,13.3,0.6,1.1,57.4,0.9,2,2.9,0.3,0.2,0.4,0.4,no
132,Nick Anderson,81,22,11.5,4.6,9.3,49.4,0,0.2,5.9,2.3,3.3,70.5,1.3,2.6,3.9,1.5,0.8,0.4,1.7,yes
133,Stacey King,82,21.7,8.9,3.3,6.5,50.4,0,0,0,2.4,3.3,72.7,2.1,2.6,4.7,1.1,0.5,0.7,1.4,yes
134,Dana Barros,81,20.1,9.7,3.7,9.1,40.5,1.2,2.9,39.9,1.1,1.4,80.9,0.4,1.2,1.6,2.5,0.7,0,1.5,yes
135,Jeff Martin,69,19.6,6.3,2.5,6,41.1,0,0.2,13.3,1.3,1.9,70.5,1.1,1.2,2.3,0.6,0.6,0.2,0.7,no
136,Clifford Robinson,82,19.1,9.1,3.6,9.2,39.7,0.1,0.5,27.3,1.7,3.1,55,1.3,2.4,3.8,0.9,0.7,0.7,1.6,yes
137,Winston Bennett,55,18,6.1,2.5,5.2,47.9,0,0,0,1.2,1.7,66.7,1.5,1.9,3.4,1,0.4,0.2,1.1,no
138,Chucky Brown,75,17.9,7.3,2.8,6,47,0,0.1,0,1.7,2.2,76.2,1.1,2,3.1,0.7,0.4,0.3,0.9,yes
139,Michael Ansley,-1,17,8.7,3.2,6.5,49.7,0,0,0,2.3,3.2,72.2,2.6,2.4,5,0.6,0.3,0.2,0.7,no
140,Todd Lichti,79,16.8,8,3.2,6.5,48.6,0,0.2,0,1.6,2.2,74.7,0.6,1.3,1.9,1.5,0.7,0.2,1.2,yes
141,Noah Vonleh,25,10.4,3.3,1.2,3,39.5,0.2,0.5,38.5,0.7,1,69.2,1.1,2.3,3.4,0.2,0.2,0.4,0.4,no
142,B.J. Armstrong,81,15.9,5.6,2.3,4.8,48.5,0,0.1,50,0.9,1,88.5,0.2,1,1.3,2.5,0.6,0.1,1,yes
143,Terry Davis,63,14,4.7,1.9,4.2,46.6,0,0,0,0.9,1.4,62.1,1.5,2.2,3.6,0.4,0.4,0.4,1.1,yes
144,Shawn Kemp,81,13.8,6.5,2.5,5.2,47.9,0,0.1,16.7,1.4,2,73.6,1.8,2.5,4.3,0.3,0.6,0.9,1.3,yes
145,Tom Hammonds,61,13.2,5.3,2.1,4.8,43.7,0,0,0,1,1.6,64.3,1,1.8,2.8,0.8,0.2,0.2,0.8,yes
146,Scott Haffner,43,13,4.6,2,5,40.6,0.1,0.5,14.3,0.4,0.6,68,0.2,1,1.2,1.9,0.3,0.1,0.8,no
147,Randy White,55,12.9,4.3,1.7,4.6,36.9,0,0.3,7.1,0.9,1.6,56.2,1.4,1.7,3.1,0.4,0.4,0.1,0.8,yes
148,Kenny Battle,59,12.4,4.1,1.6,2.9,54.7,0,0.1,25,0.9,1.4,67.1,0.7,1.4,2.1,0.6,0.6,0.2,0.5,no
149,Donald Royal,66,11.3,5.9,1.8,3.9,45.9,0,0,0,2.3,3,77.7,1,1,2.1,0.7,0.5,0.1,1.2,yes
150,Michael Carter-Williams,70,34.5,16.7,6.1,15.1,40.5,0.8,3,26.4,3.7,5.2,70.3,1.4,4.8,6.2,6.3,1.9,0.6,3.5,no
151,Delaney Rudd,77,11,3.5,1.4,3.4,42.9,0.2,0.7,28.6,0.5,0.7,66,0.2,0.6,0.7,2.3,0.3,0,1.1,no
152,John Morton,37,10.9,3.9,1.3,4.4,29.8,0.2,0.8,23.3,1.2,1.7,69.4,0.2,0.7,0.9,1.8,0.5,0.1,1.4,no
153,Greg Grant,67,10.1,3.1,1.2,3.2,38.4,0,0.2,18.8,0.6,0.9,66.1,0.2,0.6,0.9,2.5,0.5,0,1.1,yes
154,Doug Roth,42,9.8,1.9,0.9,2,43,0,0,0,0.2,0.3,50,1,1.8,2.9,0.5,0.2,0.3,0.4,no
155,Byron Irvin,50,9.8,5.2,1.9,4.1,47.3,0.1,0.3,35.7,1.2,1.8,67,0.6,0.9,1.5,0.9,0.6,0,0.8,no
156,Michael Smith,65,9.5,5,2.1,4.4,47.6,0,0.4,7.1,0.8,1,82.8,0.6,0.9,1.5,1.2,0.1,0,0.8,no
157,Michael Smith,65,9.5,5,2.1,4.4,47.6,0,0.4,7.1,0.8,1,82.8,0.6,0.9,1.5,1.2,0.1,0,0.8,yes
158,Michael Smith,82,21.2,6.9,2.7,5,54.2,0,0,0,1.5,3.2,48.5,2.1,3.8,5.9,0.8,0.7,0.6,1.3,no
159,Michael Smith,82,21.2,6.9,2.7,5,54.2,0,0,0,1.5,3.2,48.5,2.1,3.8,5.9,0.8,0.7,0.6,1.3,yes
160,George McCloud,44,9.4,2.7,1,3.3,31.3,0.3,0.9,32.5,0.3,0.4,78.9,0.3,0.7,1,1,0.4,0.1,0.8,yes
161,Henry Turner,36,8.8,4.3,1.6,3.4,47.5,0,0.1,0,1.1,1.8,61.5,0.6,0.8,1.4,0.6,0.5,0.2,0.7,no
162,Charles Smith,60,8.7,2.9,1,2.2,44.4,0,0.1,0,0.9,1.3,69.7,0.2,0.9,1.2,1.7,0.6,0.1,0.6,yes
163,Charles Smith,60,8.7,2.9,1,2.2,44.4,0,0.1,0,0.9,1.3,69.7,0.2,0.9,1.2,1.7,0.6,0.1,0.6,yes
164,Charles Smith,60,8.7,2.9,1,2.2,44.4,0,0.1,0,0.9,1.3,69.7,0.2,0.9,1.2,1.7,0.6,0.1,0.6,no
165,Charles Smith,71,30.4,16.3,6.1,12.4,49.5,0,0,0,4,5.5,72.5,2.4,4.1,6.5,1.5,1,1.3,2.1,yes
166,Charles Smith,71,30.4,16.3,6.1,12.4,49.5,0,0,0,4,5.5,72.5,2.4,4.1,6.5,1.5,1,1.3,2.1,yes
167,Charles Smith,71,30.4,16.3,6.1,12.4,49.5,0,0,0,4,5.5,72.5,2.4,4.1,6.5,1.5,1,1.3,2.1,no
168,Charles Smith,34,8.6,3.5,1.4,3.7,39.2,0.4,1.4,31.9,0.2,0.3,54.5,0.4,0.4,0.8,0.6,0.3,0.2,0.8,yes
169,Charles Smith,34,8.6,3.5,1.4,3.7,39.2,0.4,1.4,31.9,0.2,0.3,54.5,0.4,0.4,0.8,0.6,0.3,0.2,0.8,yes
170,Charles Smith,34,8.6,3.5,1.4,3.7,39.2,0.4,1.4,31.9,0.2,0.3,54.5,0.4,0.4,0.8,0.6,0.3,0.2,0.8,no
171,Ed Horton,45,8.3,4.5,1.8,3.6,49.4,0,0.1,0,0.9,1.5,60.9,1.3,1.1,2.4,0.4,0.2,0.1,0.9,no
172,Trey Burke,70,32.3,12.8,4.9,12.8,38,1.6,4.8,33,1.5,1.6,90.3,0.5,2.4,3,5.7,0.6,0.1,1.9,no
173,Frank Kornet,57,7.7,2,0.7,2,36.8,0.1,0.4,25,0.4,0.7,61.5,0.4,0.8,1.2,0.4,0.3,0.1,0.4,no
174,Doug West,52,7.3,2.6,1,2.6,39.3,0.1,0.2,27.3,0.5,0.6,81.3,0.5,0.9,1.3,0.3,0.2,0.1,0.6,yes
175,Adrian Caldwell,51,6.5,1.9,0.8,1.5,55.3,0,0,0,0.3,0.5,46.4,0.7,1.4,2.1,0.1,0.2,0.3,0.6,yes
176,Kenny Payne,35,6.2,3.3,1.3,3.1,43.5,0.1,0.3,40,0.5,0.5,88.9,0.3,0.4,0.7,0.3,0.2,0.2,0.6,no
177,Eric Johnson,48,5.7,1.1,0.4,1.8,23.8,0,0.1,16.7,0.3,0.4,76.5,0.2,0.4,0.6,1.3,0.3,0,0.5,no
178,Mike Williams,21,4.9,0.7,0.3,0.9,33.3,0,0,0,0.1,0.3,50,0.2,0.9,1.1,0.1,0.1,0.3,0.1,no
179,Mike Morrison,36,4.3,2,0.6,1.9,33.8,0.1,0.2,28.6,0.7,0.8,80,0.2,0.4,0.6,0.3,0.1,0,0.6,no
180,Nate Johnston,21,4.1,2.2,0.9,2.3,37.5,0,0.2,25,0.4,0.6,69.2,0.6,0.5,1.1,0,0.1,0.4,0.3,no
181,Mitch Richmond*,-1,34.4,22,8.2,17.5,46.8,0.4,1.1,36.7,5.2,6.4,81,2,3.9,5.9,4.2,1,0.2,3.4,yes
182,Willie Anderson,81,33.8,18.6,7.9,15.9,49.8,0,0.3,19,2.8,3.6,77.5,1.9,3.3,5.1,4.6,1.9,0.8,3.2,yes
183,Victor Oladipo,80,31.1,13.8,4.9,11.7,41.9,0.9,2.8,32.7,3.1,4,78,0.5,3.6,4.1,4.1,1.6,0.5,3.2,no
184,Hersey Hawkins,79,32.6,15.1,5.6,12.3,45.5,0.9,2.1,42.8,3.1,3.7,83.1,0.6,2.2,2.8,3,1.5,0.5,2,yes
185,Kevin Edwards,79,29.7,13.8,5.9,14,42.5,0.1,0.5,27,1.8,2.4,74.6,1.1,2.2,3.3,4.4,1.8,0.3,3.1,yes
186,Grant Long,82,29.7,11.9,4.1,8.4,48.6,0,0.1,0,3.7,5,74.9,2.9,3.7,6.7,1.8,1.5,0.6,2.5,yes
187,Rex Chapman,75,29.6,16.9,7,16.9,41.4,0.8,2.5,31.4,2.1,2.6,79.5,1,1.5,2.5,2.3,0.9,0.3,1.5,yes
188,Brian Shaw,82,28.1,8.6,3.6,8.4,43.3,0,0.2,0,1.3,1.6,82.6,1.5,3.1,4.6,5.8,0.9,0.3,2.3,yes
189,Chris Morris,76,27.6,14.1,5.4,11.9,45.7,0.8,2.3,36.6,2.4,3.3,71.7,2.5,2.8,5.2,1.6,1.3,0.8,2.5,yes
190,Gary Grant,71,27.1,11.9,5.1,11.7,43.5,0.1,0.3,22.7,1.7,2.3,73.5,1.1,2.2,3.4,7.1,2,0.1,3.6,yes
191,Vernon Maxwell,79,26.1,11.7,4.5,10.5,43.2,0.4,1.6,24.8,2.3,3.1,74.5,0.6,1.9,2.6,3.8,1.1,0.1,2.3,yes
192,Ben McLemore,82,26.7,8.8,3.1,8.3,37.6,1.2,3.6,32,1.4,1.7,80.4,0.6,2.2,2.9,1,0.6,0.2,1.2,no
193,Dan Majerle,54,25.1,8.6,3.4,8,41.9,0.5,1.5,32.9,1.4,2.4,61.4,1.1,2.7,3.9,2.4,1.2,0.3,0.9,yes
194,Sylvester Gray,55,22.2,8,3,7.2,42,0,0.1,25,1.9,2.8,67.3,2.1,3.1,5.2,2.1,0.7,0.5,1.9,no
195,Ricky Berry,64,22,11,4,8.9,45,1,2.5,40.6,2,2.6,78.9,0.9,2.2,3.1,1.3,0.6,0.3,1.3,no
196,Tom Garrick,71,21.1,6.4,2.5,5.1,49,0,0.2,0,1.4,1.8,80.3,0.5,1.7,2.2,3.4,1.1,0.1,1.6,no
197,Michael Anderson,36,20.3,5.7,2,4.9,41.7,0,0.2,14.3,1.6,2.3,69.5,1.2,1.3,2.5,4.3,1.2,0.1,2.3,no
199,Vinny Del Negro,80,19.5,7.1,3,6.3,47.5,0.1,0.3,30,1.1,1.3,85,0.6,1.5,2.1,2.6,0.8,0.2,1,yes
201,Derrick Chievous,81,19,9.3,3.4,7.8,43.7,0.1,0.3,20.8,2.4,3,78.3,1.4,1.8,3.2,1,0.6,0.1,1.7,no
202,Ledell Eackles,80,18.2,11.5,4,9.2,43.4,0.1,0.5,22.5,3.4,4.3,78.6,1.3,1,2.3,1.5,0.5,0.1,1.6,yes
203,Harvey Grant,71,16.8,5.6,2.5,5.5,46.4,0,0,0,0.5,0.8,59.6,1.1,1.2,2.3,1.1,0.5,0.4,0.4,yes
204,Rod Strickland,81,16.8,8.9,3.3,7,46.7,0.2,0.7,32.2,2.1,2.9,74.5,0.6,1.3,2,3.9,1.2,0,1.8,yes
205,Scott Brooks,82,16.7,5.2,1.9,4.5,42,0.7,1.9,35.9,0.7,0.8,88.4,0.2,0.9,1.1,3.7,0.8,0,0.8,yes
206,Todd Mitchell,24,14.7,5.1,1.8,4,44.3,0,0,0,1.5,2.7,57.8,0.8,1.3,2.1,0.9,0.7,0.1,1.4,no
207,John Shasky,65,14.5,5.5,1.9,3.8,48.8,0,0,0,1.8,2.6,68.9,1.5,2.1,3.6,0.3,0.2,0.2,0.7,no
208,Mark Bryant,56,14.3,5,2.1,4.4,48.6,0,0,0,0.7,1.2,58,1.2,2,3.2,0.6,0.4,0.1,0.7,yes
209,Mark Bryant,36,7,1.6,0.7,1.6,43.1,0,0,0,0.3,0.4,69.2,0.7,1.2,1.9,0.2,0.1,0.1,0.3,yes
210,Shelton Jones,51,13.4,4.8,1.8,4.1,44.5,0,0,0,1.1,1.6,72.5,0.6,1.6,2.2,0.8,0.4,0.3,0.9,no
211,Eric Leckner,75,10.4,4.3,1.6,2.9,54.5,0,0,0,1.1,1.5,69.9,0.6,2,2.7,0.2,0.1,0.3,0.9,yes
212,Jerome Lane,54,10.2,4.8,2,4.7,42.6,0,0.1,0,0.8,2.1,38.4,1.6,2.1,3.7,1.1,0.4,0.1,0.9,yes
213,Tim Perry,62,9.9,4.1,1.7,3.2,53.7,0,0.1,25,0.6,1,61.5,1,1.1,2.1,0.3,0.3,0.5,0.6,yes
214,Jim Les,82,9.5,1.7,0.5,1.6,30.1,0,0.2,7.1,0.7,0.9,78.1,0.3,0.8,1.1,2.6,0.3,0.1,1.1,yes
215,Craig Neal,53,9.4,2.2,0.8,2.3,36.6,0.2,0.6,29.4,0.3,0.4,60.9,0.1,0.4,0.5,2.2,0.5,0.1,1,no
216,David Rivers,47,9.4,2.9,1,2.6,40.2,0,0.1,16.7,0.7,0.9,83.3,0.3,0.6,0.9,2.3,0.5,0.2,1.3,no
217,John Starks,36,8.8,4.1,1.4,3.5,40.8,0.3,0.7,38.5,0.9,1.4,65.4,0.4,0.7,1.1,0.8,0.6,0.1,1.1,yes
218,Andrew Lang,62,8.5,2.6,1,1.9,51.3,0,0,0,0.6,1,65,0.9,1.5,2.4,0.1,0.3,0.8,0.5,yes
219,Bill Jones,37,8.3,3.5,1.4,2.8,49,0,0,0,0.8,1.2,67.4,0.5,0.7,1.3,0.5,0.5,0.2,0.5,no
220,Charles Shackleford,60,8.1,3.1,1.4,2.8,49.4,0,0,0,0.4,0.7,50,0.8,1.7,2.6,0.4,0.3,0.3,0.5,yes
221,Morlon Wiley,51,8,2.2,0.9,2.2,40.4,0.1,0.5,25,0.3,0.3,81.3,0.3,0.7,0.9,1.5,0.5,0.1,0.7,yes
222,Randolph Keys,42,7.9,4,1.8,4.1,43,0,0.2,10,0.5,0.7,69,0.5,0.8,1.3,0.5,0.3,0.1,0.5,yes
223,Mark Davis,33,7.8,3.8,1.5,3.1,48,0,0.3,10,0.8,1,82.4,0.5,0.6,1.1,0.4,0.4,0.1,0.4,yes
224,Mark Davis,33,7.8,3.8,1.5,3.1,48,0,0.3,10,0.8,1,82.4,0.5,0.6,1.1,0.4,0.4,0.1,0.4,no
225,Mark Davis,-1,10,3.3,1,2.6,36.9,0.1,0.2,30.8,1.3,2,63.8,1,1.2,2.2,0.8,0.7,0.4,1.2,yes
226,Mark Davis,57,10,3.3,1,2.6,36.9,0.1,0.2,30.8,1.3,2,63.8,1,1.2,2.2,0.8,0.7,0.4,1.2,no
227,Troy Williams,24,17.4,5.3,2.1,5.1,41.8,0.4,1.7,24.4,0.6,1,60,0.3,1.6,1.8,0.8,1,0.4,1.1,no
228,Hollis Thompson,77,22.6,6,2.2,4.8,46,0.9,2.2,40.1,0.7,0.9,71.2,0.9,2.3,3.2,0.9,0.7,0.2,0.8,no
229,Ron Grandison,72,7.3,2.5,0.8,2,41.5,0,0.1,0,0.8,1.1,73.8,0.7,0.6,1.3,0.6,0.3,0,0.5,no
230,Micheal Williams,49,7.3,2.6,1,2.6,36.4,0,0.2,22.2,0.6,1,66,0.2,0.4,0.6,1.4,0.3,0.1,0.9,yes
231,Anthony Frederick,46,6.8,3.3,1.4,2.7,50.4,0,0.1,40,0.5,0.7,70.6,0.6,0.6,1.1,0.4,0.3,0.1,0.7,no
232,Avery Johnson,43,6.8,1.6,0.7,1.9,34.9,0,0.2,11.1,0.2,0.4,56.3,0.3,0.3,0.6,1.7,0.5,0.1,0.4,yes
233,Everette Stephens,35,6,1.9,0.7,2.1,31.9,0.1,0.3,20,0.5,0.6,77.3,0.3,0.3,0.7,1.1,0.3,0.1,0.8,no
234,Jack Haley,51,5.7,2.2,0.7,1.5,47.4,0,0,0,0.7,0.9,78.3,0.4,1,1.4,0.2,0.2,0,0.5,yes
235,Duane Ferrell,41,5.6,2.4,0.9,2,42.2,0,0,0,0.7,1.1,68.2,0.5,0.5,1,0.2,0.2,0.1,0.3,yes
236,Mark Jackson,82,39.6,13.6,5.3,12.4,43.2,0.4,1.5,25.4,2.5,3.2,77.4,1.5,3.4,4.8,10.6,2.5,0.1,3.1,yes
237,Kenny Smith,61,35.6,13.8,5.4,11.4,47.7,0.2,0.6,30.8,2.7,3.3,81.9,0.7,1.6,2.3,7.1,1.5,0.1,3,yes
238,Nate Wolters,58,22.6,7.2,2.9,6.7,43.7,0.3,1.1,29,1,1.6,65.6,0.6,2,2.6,3.2,0.6,0.3,1,no
239,Armen Gilliam,55,32.9,14.8,6.2,13.1,47.5,0,0,0,2.4,3.5,67.9,2.4,5.5,7.9,1.3,1.1,0.5,2.2,yes
240,Winston Garland,67,31.7,12.4,5.1,11.6,43.9,0.2,0.6,33.3,2.1,2.3,87.9,1,2.4,3.4,6.4,1.7,0.1,2.5,yes
241,Joe Wolf,42,27.1,7.6,3.2,8,40.7,0.1,0.4,20,1.1,1.3,83.3,1.2,3.2,4.5,2.3,0.9,0.4,1.8,yes
242,Reggie Williams,35,24.5,10.4,4.3,12.2,35.6,0.4,1.7,22.4,1.4,1.9,72.7,1.6,1.8,3.4,1.7,0.8,0.6,1.8,yes
243,Reggie Williams,35,24.5,10.4,4.3,12.2,35.6,0.4,1.7,22.4,1.4,1.9,72.7,1.6,1.8,3.4,1.7,0.8,0.6,1.8,yes
244,Greg Anderson,82,24.2,11.7,4.6,9.2,50.1,0,0.1,20,2.4,4,60.4,2,4.3,6.3,1,0.7,1.5,1.7,yes
245,Kevin Johnson,80,24,9.2,3.4,7.5,46.1,0.1,0.3,20.8,2.2,2.6,83.9,0.5,1.9,2.4,5.5,1.3,0.3,1.8,yes
246,Horace Grant,81,22.6,7.7,3.1,6.3,50.1,0,0,0,1.4,2.2,62.6,1.9,3.6,5.5,1.1,0.6,0.7,1.1,yes
247,Reggie Miller*,82,22.4,10,3.7,7.6,48.8,0.7,2.1,35.5,1.8,2.3,80.1,1.2,1.2,2.3,1.6,0.7,0.2,1.2,yes
248,Dennis Hopson,-1,22.4,9.6,3.6,9,40.4,0.2,0.7,26.7,2.1,2.9,74,1,1.3,2.3,1.9,0.9,0.4,1.9,yes
249,Ken Norman,66,21.7,8.6,3.7,7.6,48.2,0,0.2,0,1.3,2.6,51.2,1.5,2.5,4,1.2,0.7,0.5,1.6,yes
250,Ryan Kelly,59,22.2,8,2.7,6.3,42.3,0.8,2.4,33.8,1.9,2.3,81.5,0.7,3,3.7,1.6,0.5,0.8,0.8,no
251,Scottie Pippen*,79,20.9,7.9,3.3,7.1,46.3,0.1,0.3,17.4,1.3,2.2,57.6,1.5,2.3,3.8,2.1,1.1,0.7,1.7,yes
252,Derrick McKey,82,20.8,8.5,3.1,6.3,49.1,0.1,0.4,36.7,2.1,2.7,77.2,1.4,2.6,4,1.3,0.8,0.8,1.3,yes
253,Muggsy Bogues,79,20.6,5,2.1,5.4,39,0,0.2,18.8,0.7,0.9,78.4,0.4,1.3,1.7,5.1,1.6,0,1.3,yes
254,Tellis Frank,78,20.5,8.1,3.1,7.2,42.8,0,0,0,1.9,2.7,72.5,1.2,3,4.2,1.4,0.7,0.3,1.4,yes
255,Ricky Wilson,24,17.5,5.2,1.8,4.6,39.1,0.4,1.1,38.5,1.2,1.7,72.5,0.1,1,1.1,2.9,1,0.1,1,no
256,Dave Hoppen,39,16.5,5.7,2.2,4.7,45.9,0,0,0,1.4,1.6,87.1,1.5,3,4.5,0.8,0.3,0.1,0.9,yes
257,Dallas Comegys,75,15,5.6,2.1,4.8,43,0,0,0,1.4,2,70.7,0.7,2.2,2.9,0.9,0.5,0.9,1.6,no
258,Mark Acres,79,14.6,3.6,1.4,2.6,53.2,0,0,0,0.9,1.4,64,1.3,2.1,3.4,0.5,0.4,0.3,0.7,yes
259,Michael Jackson,58,13.1,2.7,1.1,2.9,37.4,0.1,0.4,24,0.4,0.6,71.9,0.3,0.7,1,3.1,0.3,0.1,1,no
260,Tony White,49,11.9,5.3,2.3,5.1,44.6,0,0.1,0,0.8,1.1,72.2,0.2,0.4,0.6,1.2,0.4,0,1,no
261,Brad Lohaus,70,10.3,4.2,1.7,3.5,49.6,0,0.2,23.1,0.7,0.9,80.6,0.7,1.3,2,0.7,0.3,0.6,0.8,yes
262,Milt Wagner,40,9.5,3.8,1.6,3.7,42.2,0.1,0.3,20,0.7,0.7,89.7,0.1,0.6,0.7,1.5,0.1,0.1,0.6,no
263,Chris Dudley,55,9.3,3.1,1.2,2.5,47.4,0,0,0,0.7,1.3,56.3,1.3,1.3,2.6,0.4,0.2,0.3,0.6,yes
264,Clinton Wheeler,59,8.7,2.5,1.1,2.2,47,0,0,0,0.4,0.6,73.5,0.3,0.4,0.7,1.7,0.6,0,0.9,no
265,Billy Donovan,44,8.3,2.4,1,2.5,40.4,0,0.2,0,0.4,0.5,81,0.1,0.5,0.6,2,0.4,0,0.9,no
266,Reggie Lewis,49,8.3,4.5,1.8,3.9,46.6,0,0.1,0,0.8,1.2,70.2,0.6,0.7,1.3,0.5,0.3,0.3,0.6,yes
267,Martin Nessley,44,7.6,1.1,0.5,1.2,38.5,0,0,0,0.2,0.4,44.4,0.5,1.3,1.9,0.4,0.2,0.3,0.5,no
268,John Stroeder,41,6.6,1.9,0.7,1.9,36.7,0,0,0,0.5,0.7,66.7,0.6,1.1,1.7,0.5,0.1,0.3,0.6,no
269,Bart Kofoed,36,6.3,1.3,0.5,1.3,37.5,0.1,0.2,28.6,0.2,0.4,61.5,0.1,0.3,0.4,0.6,0.2,0,0.5,yes
270,Ray McCallum,45,19.9,6.2,2.5,6.7,37.7,0.5,1.3,37.3,0.7,1,74.4,0.4,1.4,1.8,2.7,0.5,0.2,0.9,no
271,Ralph Lewis,50,6.2,1.7,0.5,1.7,31,0,0,0,0.6,1,60.4,0.3,0.7,1,0.3,0.3,0.1,0.4,no
272,Ron Harper,82,37.4,22.9,9,19.7,45.5,0.2,1.1,21.3,4.7,6.9,68.4,2.1,2.7,4.8,4.8,2.5,1,4.2,yes
273,Chuck Person,82,36,18.8,7.7,16.6,46.8,0.6,1.7,35.5,2.7,3.6,74.7,2,6.2,8.3,3.6,1.1,0.2,2.6,yes
274,Hot Rod Williams,80,33.9,14.6,5.4,11.2,48.5,0,0,0,3.7,5,74.5,2.8,5.1,7.9,1.9,0.7,2.1,1.7,yes
275,Brad Daugherty,80,33.7,15.7,6.1,11.3,53.8,0,0,0,3.5,5,69.6,1.9,6.2,8.1,3.8,0.6,0.8,3.1,yes
276,Nate McMillan,71,27.8,5.3,2,4.2,47.5,0,0.1,0,1.2,2,61.7,1.4,3.2,4.7,8.2,1.8,0.6,2.2,yes
277,Kenny Walker,68,25.3,10.4,4.2,8.5,49.1,0,0.1,0,2.1,2.7,75.7,1.7,3.2,5,1.1,0.7,0.7,1.1,yes
278,Walter Berry,63,25.2,15.9,6.5,12.2,53.1,0,0,0,3,4.6,64.9,2.2,2.7,4.9,1.7,0.6,0.6,2.4,no
279,John Williams,-1,22.7,9.2,3.6,8,45.4,0.1,0.5,22.2,1.8,2.9,64.6,1.7,3,4.7,2.4,1.6,0.4,1.6,yes
280,Kentavious Caldwell-Pope,80,19.8,5.9,2.3,5.8,39.6,0.7,2.3,31.9,0.6,0.8,77,0.5,1.5,2,0.7,0.9,0.1,0.3,no
281,Brad Sellers,80,21.9,8.5,3.5,7.6,45.5,0,0.1,20,1.6,2.2,72.8,1.9,2.7,4.7,1.3,0.6,0.8,1.1,yes
282,David Wingate,77,20.9,8.8,3.4,7.8,43,0.2,0.7,25,1.9,2.6,74.1,0.9,1.1,2,2,1.2,0.3,1.7,yes
283,Johnny Dawkins,81,20.8,10.3,4.1,9.4,43.7,0.2,0.6,29.8,1.9,2.4,80.1,0.7,1.4,2.1,3.6,0.8,0,1.5,yes
284,William Bedford,50,19.6,6.7,2.8,7.2,39.7,0,0,0,1,1.7,58.1,1.6,3.3,4.9,1.1,0.4,0.7,1.7,yes
285,Jeff Hornacek,80,19.5,5.3,2,4.4,45.4,0.2,0.5,27.9,1.2,1.5,77.7,0.5,1.8,2.3,4.5,0.9,0.1,1.9,yes
286,Roy Tarpley,75,18.7,7.5,3.1,6.7,46.7,0,0,33.3,1.3,1.9,67.6,2.4,4.7,7.1,0.7,0.8,1.1,1.4,yes
287,Mark Price,67,18.2,6.9,2.6,6.3,40.8,0.3,1,32.9,1.4,1.7,83.3,0.5,1.3,1.7,3,0.6,0.1,1.6,yes
288,John Salley,82,17.8,5.3,2,3.5,56.2,0,0,0,1.3,2.1,61.4,1.3,2.3,3.6,0.7,0.5,1.5,0.9,yes
289,Mark Alarie,64,17.3,7.9,3.4,6.9,49,0,0.1,22.2,1,1.6,66.3,1.1,2.2,3.3,1.2,0.3,0.4,0.9,yes
290,Ben Coleman,68,15.1,6.6,2.7,4.6,58.1,0,0,0,1.3,1.8,72.7,1.5,2.8,4.2,0.5,0.5,0.5,1.4,yes
291,Dennis Rodman*,77,15,6.5,2.8,5.1,54.5,0,0,0,1,1.6,58.7,2.1,2.2,4.3,0.7,0.5,0.6,1.2,yes
292,Larry Krystkowiak,68,14.8,6.6,2.5,5.5,45.6,0,0.2,8.3,1.6,2.2,74.3,1.1,2.4,3.5,1.3,0.3,0.2,1,yes
293,Kenny Gattison,77,14.3,5.2,1.9,4,47.6,0,0,0,1.4,2.2,63.2,1.1,2.4,3.5,0.5,0.3,0.4,1.1,yes
294,Tim Kempton,66,14.2,4.4,1.5,3.1,47.1,0,0,0,1.4,2.1,69.3,1.1,1.9,2.9,0.8,0.6,0.2,0.7,yes
295,Harold Pressley,67,13.6,4.6,2,4.7,42.3,0.1,0.4,25,0.5,0.7,72.9,1,1.6,2.6,1.8,0.6,0.3,0.9,no
296,Kevin Duckworth,65,13.5,5.4,2,4.2,47.6,0,0,0,1.4,2.1,68.7,1.2,2.3,3.4,0.4,0.3,0.3,1.2,yes
297,Anthony Jones,65,13.2,5,2,5,41.3,0.1,0.3,35,0.8,1,76.9,0.6,1,1.6,1.1,0.7,0.3,0.8,no
298,Mike Brown,62,13.2,4.2,1.7,3.2,52.7,0,0,0,0.7,1.2,63.9,1.1,2.3,3.5,0.4,0.3,0.1,0.9,yes
299,Grant Gondrezick,64,13.1,5.5,2.1,4.7,45,0.1,0.3,23.5,1.2,1.7,70.1,0.7,1,1.7,1.3,0.4,0.1,0.9,no
300,Billy Thompson,59,12.9,5.6,2.4,4.4,54.4,0,0,0,0.8,1.3,64.9,1.2,1.7,2.9,1,0.3,0.5,1,yes
301,Mason Plumlee,70,18.2,7.4,2.8,4.3,65.9,0,0,0,1.7,2.8,62.6,1.4,3,4.4,0.9,0.7,0.8,1.1,no
302,Rafael Addison,62,11.5,5.8,2.4,5.3,44.1,0.3,0.8,32,0.8,1,79.7,0.7,1,1.7,0.7,0.4,0.1,0.9,yes
303,Chris Washburn,35,11,3.8,1.6,4.1,39.3,0,0,0,0.5,1.5,35.3,1,1.9,2.9,0.5,0.2,0.2,1.1,no
304,Keith Smith,42,11,3.3,1.4,3.6,38,0.1,0.2,33.3,0.5,0.7,75,0.3,0.5,0.8,1,0.6,0.1,0.7,no
305,Johnny Newman,59,10.7,5,1.9,4.7,41.1,0,0.4,4.5,1.1,1.3,86.8,0.6,0.6,1.2,0.5,0.3,0.1,0.8,yes
306,Johnny Rogers,45,10.4,4.2,2,4.1,48.6,0,0.1,0,0.2,0.3,60,0.7,1,1.7,0.6,0.2,0.2,0.4,no
307,Dell Curry,67,9.5,4.9,2.1,4.9,42.6,0.3,0.9,28.3,0.4,0.6,78.9,0.4,0.7,1.2,0.9,0.4,0.1,0.7,yes
308,Buck Johnson,60,8.7,3.8,1.6,3.4,46.8,0,0,0,0.7,1,69,0.6,0.8,1.5,0.7,0.3,0.3,0.6,yes
309,Clinton Smith,41,8.3,3.1,1.2,2.9,42.7,0,0,0,0.7,0.9,75,0.6,0.7,1.4,1.1,0.3,0,0.6,no
310,Dave Feitl,62,8,3.7,1.4,3.3,43.6,0,0,0,0.9,1.1,74.6,0.6,1.3,1.9,0.4,0.1,0.1,0.6,yes
311,Bob Martin,43,6.7,3.4,1.2,3.1,37.8,0.1,0.3,20,1,1.5,63.6,0.3,0.7,1,0.8,0.3,0.1,0.8,no
312,Bob Martin,53,10.1,2.1,0.8,1.7,45.5,0,0,0,0.6,1,60.8,0.7,1.5,2.2,0.3,0.1,0.6,0.6,no
313,Conner Henry,54,6,2.3,0.9,2.5,33.8,0.2,0.8,31,0.3,0.5,63,0.1,0.5,0.6,0.6,0.2,0,0.5,no
314,Patrick Ewing,50,35.4,20,7.7,16.3,47.4,0,0.1,0,4.5,6.1,73.9,2.5,6.5,9,2,1.1,2.1,3.4,no
315,Xavier McDaniel,82,33,17.1,7,14.3,49,0,0.1,20,3,4.4,68.7,3.7,4.2,8,2.4,1.2,0.5,3,yes
316,Karl Malone*,81,30.6,14.9,6.2,12.5,49.6,0,0,0,2.4,5,48.1,2.1,6.7,8.9,2.9,1.3,0.5,3.4,yes
317,Wayman Tisdale,81,28.1,14.7,6.4,12.4,51.5,0,0,0,2,2.9,68.4,2.4,4.9,7.2,1,0.4,0.5,2.3,yes
318,Benoit Benjamin,79,26.4,11.1,4.1,8.4,49,0,0,33.3,2.9,3.9,74.6,2,5.6,7.6,1,0.8,2.6,1.8,yes
319,Chris Mullin*,55,25.3,14,5.2,11.3,46.3,0.1,0.5,18.5,3.4,3.8,89.6,0.8,1.3,2.1,1.9,1.3,0.4,1.4,yes
320,Gerald Wilkins,81,25,12.5,5.4,11.5,46.8,0.1,0.3,28,1.6,2.9,55.7,1.1,1.4,2.6,2,0.8,0.1,1.9,yes
321,Joe Dumars*,82,23.9,9.4,3.5,7.3,48.1,0.1,0.2,31.3,2.3,2.9,79.8,0.7,0.7,1.5,4.8,0.8,0.1,1.9,yes
322,Cody Zeller,82,17.3,6,2.1,4.9,42.6,0,0,0,1.8,2.4,73,1.4,2.9,4.3,1.1,0.5,0.5,1.1,no
323,Charles Oakley,77,23,9.6,3.6,7,51.9,0,0,0,2.3,3.5,66.2,3.3,5.3,8.6,1.7,0.9,0.4,2.3,yes
324,Jon Koncak,82,20.7,8.3,3.2,6.3,50.7,0,0,0,1.9,3.1,60.7,2.1,3.6,5.7,0.7,0.5,0.8,1.4,yes
325,Keith Lee,58,20.6,7.4,3.1,6.6,46.6,0,0.2,22.2,1.3,1.7,78.1,2,4.1,6.1,1.2,0.5,0.6,1.3,no
326,Ed Pinckney,80,20,8.5,3.2,5.7,55.8,0,0,0,2.1,3.2,67.3,1.2,2.7,3.9,1.1,0.9,0.5,1.9,yes
327,A.C. Green,82,18.8,6.4,2.5,4.7,53.9,0,0.1,16.7,1.2,2,61.1,2,2.7,4.6,0.7,0.6,0.6,1.2,yes
328,Bob Thornton,71,18.6,4.7,1.8,3.9,45.6,0,0,0,1.2,2.3,53.1,1.6,2.5,4.1,0.6,0.4,0.1,1.2,yes
329,Terry Catledge,64,17.1,7.7,3.2,6.7,46.9,0,0.1,0,1.4,2.2,64.7,1.7,2.6,4.3,0.3,0.5,0.1,1.1,yes
330,Spud Webb,79,15.6,7.8,2.5,5.2,48.3,0,0.1,18.2,2.7,3.5,78.5,0.3,1.2,1.6,4.3,1,0.1,2,yes
331,Terry Porter,79,15.4,7.1,2.7,5.7,47.4,0.2,0.5,31,1.6,2,80.6,0.4,1,1.5,2.5,1,0,1.3,yes
332,Marquese Chriss,34,17.1,7,2.7,6.3,42.7,0.6,2.1,31,1,1.7,59.6,1.1,2.2,3.3,0.5,0.5,0.5,1.2,no
333,Nick Calathes,71,16.5,4.9,2,4.4,45.7,0.3,0.9,31.1,0.6,1,61.1,0.3,1.6,1.9,2.9,0.9,0.1,1.4,no
334,Carey Scurry,78,15,4.7,1.8,3.9,47.2,0,0.1,9.1,1,1.6,61.9,1.2,1.9,3.1,1.1,1,0.8,1.2,no
335,Dirk Minniefield,76,14.9,5.5,2.2,4.6,48.1,0.1,0.5,27,1,1.2,78.5,0.6,1.2,1.7,3.5,0.9,0,1.4,no
336,Joe Kleine,80,14.8,5.2,2,4.3,46.5,0,0,0,1.2,1.6,72.3,1.4,3.3,4.7,0.6,0.3,0.4,1.3,yes
337,Alfredrick Hughes,68,12.7,5.2,2.2,5.5,40.9,0,0.3,17.6,0.7,1.2,58.3,0.7,0.9,1.7,0.9,0.4,0.1,0.9,no
338,Ken Johnson,64,12.7,4.1,1.8,3.3,52.8,0,0,0,0.6,1.3,43.5,1.4,2.4,3.8,0.3,0.2,0.3,0.9,no
339,Ken Johnson,64,12.7,4.1,1.8,3.3,52.8,0,0,0,0.6,1.3,43.5,1.4,2.4,3.8,0.3,0.2,0.3,0.9,no
340,Pete Williams,53,10.8,2.8,1.3,2.1,60.4,0,0,0,0.3,0.8,42.5,0.9,1.9,2.8,0.3,0.4,0.4,0.4,no
341,Bill Martin,-1,10.5,5,2.2,4.5,48,0,0.1,0,0.7,0.8,85.2,0.6,0.9,1.5,0.8,0.3,0.1,0.9,no
342,Tony Snell,77,16,4.5,1.7,4.4,38.4,0.7,2.3,32,0.4,0.5,75.6,0.2,1.4,1.6,0.9,0.4,0.2,0.6,no
343,Fred Cofield,45,10.4,3.7,1.7,4.1,40.8,0.1,0.3,20,0.3,0.4,60,0.1,0.9,1,1.8,0.4,0.1,1.1,no
344,Dwayne McClain,45,10.2,3.5,1.5,4,38.3,0,0.2,11.1,0.4,0.8,51.4,0.3,0.4,0.7,1.5,0.8,0.1,0.9,no
345,John Battle,64,10,4.3,1.6,3.5,45.5,0,0.1,0,1.2,1.6,72.8,0.2,0.8,1,1.2,0.4,0.1,0.7,yes
346,Jerry Reynolds,55,9.2,3.7,1.3,2.9,44.4,0,0,50,1.1,1.9,55.8,0.7,0.8,1.5,1.6,0.8,0.3,0.9,yes
347,Steve Harris,57,8.5,4.5,1.8,4.1,44.2,0,0.1,20,0.9,0.9,92.6,0.4,0.6,1,0.9,0.4,0.1,0.6,yes
348,Lorenzo Charles,36,7.6,3.4,1.4,2.4,55.7,0,0,0,0.7,1,66.7,0.4,0.7,1.1,0.2,0.1,0.2,0.5,no
349,Sam Vincent,57,7.6,3.2,1,2.8,36.4,0,0.1,25,1.1,1.2,92.9,0.2,0.6,0.8,1.2,0.3,0.1,0.9,yes
350,Blair Rasmussen,48,6.9,3.2,1.3,3.1,40.7,0,0,0,0.6,0.8,79.5,0.8,1.3,2,0.3,0.1,0.2,0.8,yes
351,Phil Pressey,75,15.1,2.8,1,3.4,30.8,0.4,1.4,26.4,0.4,0.6,64.4,0.3,1.1,1.4,3.2,0.9,0.1,1.2,no
352,Michael Jordan*,82,38.3,28.2,10.2,19.8,51.5,0.1,0.6,17.3,7.7,9.1,84.5,2,4.5,6.5,5.9,2.4,0.8,3.5,yes
353,Vern Fleming,80,31.1,14.1,5.4,11.5,47,0,0.1,0,3.3,4.2,76.7,1.9,2.2,4,3.1,1.2,0.1,2.5,yes
354,Sam Bowie,76,29.2,10,3.9,7.3,53.7,0,0,0,2.1,3,71.1,2.7,5.9,8.6,2.8,0.7,2.7,2.3,yes
355,Charles Barkley*,82,28.6,14,5.2,9.5,54.5,0,0.1,16.7,3.6,4.9,73.3,3.2,5.3,8.6,1.9,1.2,1,2.5,yes
356,Sam Perkins,82,28.3,11,4.2,9,47.1,0.1,0.4,25,2.4,3,82,2.3,5.1,7.4,1.6,0.8,0.8,1.2,yes
357,Jay Humphries,80,25.8,8.8,3.5,7.8,44.6,0.1,0.3,20,1.8,2.1,82.9,0.4,1.7,2.1,4.4,1.3,0.1,2.1,yes
358,Melvin Turpin,79,24.7,10.6,4.6,9,51.1,0,0,0,1.4,1.8,78.4,2,3.8,5.7,0.5,0.5,1.1,1.5,yes
359,Otis Thorpe,82,23.4,12.8,5,8.4,60,0,0,0,2.8,4.5,62,2.3,4.5,6.8,1.4,0.4,0.5,2.3,yes
360,Kevin Willis,82,21.8,9.3,3.9,8.4,46.7,0,0.1,22.2,1.5,2.2,65.7,2.2,4.2,6.4,0.4,0.4,0.6,1.3,yes
361,Michael Cage,75,21.5,7.1,2.9,5.3,54.3,0,0,0,1.3,1.8,73.7,1.7,3.5,5.2,0.7,0.6,0.4,1.1,yes
362,Alvin Robertson,79,21.3,9.2,3.8,7.6,49.8,0.1,0.1,36.4,1.6,2.1,73.4,1.5,1.9,3.4,3.5,1.6,0.3,2.1,yes
363,Tim McCormick,78,20.3,9.3,3.4,6.2,55.7,0,0,0,2.4,3.4,71.5,1.9,3.2,5.1,1,0.2,0.4,1.5,yes
364,Charles Jones,78,20.1,8.4,3,5.8,52,0,0.1,0,2.3,3.6,64.8,1.8,3.3,5.1,1.6,0.6,0.8,1.8,yes
365,Charles Jones,78,20.1,8.4,3,5.8,52,0,0.1,0,2.3,3.6,64.8,1.8,3.3,5.1,1.6,0.6,0.8,1.8,no
366,Charles Jones,78,20.1,8.4,3,5.8,52,0,0.1,0,2.3,3.6,64.8,1.8,3.3,5.1,1.6,0.6,0.8,1.8,no
367,Charles Jones,29,16.4,3.7,1.3,4.2,31.7,0.7,2.1,31.1,0.4,0.8,50,0.3,1.1,1.4,1.4,0.6,0.2,1,yes
368,Charles Jones,29,16.4,3.7,1.3,4.2,31.7,0.7,2.1,31.1,0.4,0.8,50,0.3,1.1,1.4,1.4,0.6,0.2,1,no
369,Charles Jones,29,16.4,3.7,1.3,4.2,31.7,0.7,2.1,31.1,0.4,0.8,50,0.3,1.1,1.4,1.4,0.6,0.2,1,no
370,Jeff Turner,72,19.8,5.8,2.4,5.2,45.4,0,0,0,1.1,1.3,85.9,1.2,1.8,3,1.5,0.4,0.1,1.3,yes
371,Tony Brown,82,19.3,6.6,2.6,5.7,46,0,0.1,0,1.4,2.1,67.8,1.8,1.7,3.5,1.9,0.7,0.1,1.4,yes
372,Antoine Carr,62,19.3,8,3.2,6,52.8,0,0.1,33.3,1.6,2.1,78.9,1.3,2.5,3.7,1.3,0.5,1.3,1.7,yes
373,Steve Colter,78,18.7,7.1,2.8,6.1,45.3,0.3,0.9,35.1,1.3,1.7,75.4,0.5,1.4,1.9,3.1,1,0.1,1.4,yes
374,Ken Bannister,75,18.7,6.8,2.8,5.9,47,0,0,0,1.2,2.6,47.4,1.4,3,4.4,0.5,0.5,0.5,1.9,yes
375,John Stockton*,82,18.2,5.6,1.9,4.1,47.1,0,0.1,18.2,1.7,2.4,73.6,0.3,1,1.3,5.1,1.3,0.1,1.8,yes
376,Terence Stansbury,74,17.3,7.1,2.8,6.2,45.9,0.1,0.3,16,1.4,1.7,81,0.5,1,1.5,1.7,0.6,0.2,1.1,no
377,Othell Wilson,74,17,4.4,1.8,3.9,46,0,0.2,18.8,0.7,1,71.1,0.5,1.3,1.8,2.9,1,0.2,1.3,no
378,Eddie Lee Wilkins,54,17,5.5,2.1,4.3,49.8,0,0,0,1.2,2.3,54.1,1.6,3.3,4.9,0.3,0.4,0.3,1.2,yes
379,Chuck Aleksinas,74,15.1,5.1,2.2,4.6,47.8,0,0,0,0.7,1,73.3,1.2,2.5,3.6,0.5,0.2,0.2,1,no
380,Ron Anderson,36,14.4,5.8,2.3,5.4,43.1,0,0.1,50,1.1,1.4,82,1.1,1.4,2.4,0.9,0.3,0.2,0.9,yes
381,Frank Brickowski,78,14.3,4.9,1.9,3.9,49.2,0,0.1,0,1.1,1.6,66.9,1,2.4,3.3,1.3,0.4,0.2,1.3,yes
382,Ozell Jones,67,13.3,3.7,1.6,2.7,58.9,0,0,0,0.5,1.2,39.8,1,2.6,3.6,0.8,0.5,0.8,0.9,no
383,Devin Durrant,59,12.8,5.1,1.9,4.6,41.6,0,0.1,0,1.2,1.7,70.6,0.8,1.3,2.1,1.4,0.3,0.2,1.3,no
384,Jerome Kersey,77,12.4,6.1,2.3,4.8,47.8,0,0,0,1.5,2.4,64.6,1.2,1.4,2.7,0.8,0.6,0.4,0.9,yes
385,Ron Cavenall,53,12.3,1.5,0.5,1.6,32.6,0,0,0,0.4,0.7,56.4,1,2.1,3.1,0.4,0.2,0.8,0.8,no
386,Jim Petersen,60,11.9,3.2,1.2,2.4,48.6,0,0,0,0.8,1.1,75.8,0.7,1.7,2.5,0.5,0.2,0.5,1.2,yes
387,Tony Campbell,56,11.2,5.6,2.3,4.7,49.6,0,0,0,1,1.3,80,0.7,0.9,1.6,0.4,0.5,0.1,1.2,yes
389,Gary Plummer,66,10.6,3.8,1.4,3.5,39.7,0,0.1,25,1,1.4,70.7,0.8,1.2,2,0.4,0.2,0.2,0.8,no
390,Kenny Fields,51,10.5,3.8,1.6,3.7,44,0,0,0,0.5,0.7,75,0.8,0.8,1.6,0.7,0.2,0.2,0.6,no
391,Cory Blackwell,60,9.2,3.4,1.5,4,36.7,0,0,0,0.5,0.9,50.9,0.7,0.9,1.6,0.4,0.4,0.1,0.7,no
392,Bernard Thompson,59,9.1,3.3,1.3,3.6,37.3,0,0.1,0,0.7,0.9,76.5,0.6,0.7,1.3,0.9,0.5,0.2,0.6,yes
393,Peter Thibeaux,51,9,4.5,1.8,3.8,48.2,0,0,0,0.8,1.3,64.2,0.6,0.8,1.4,0.3,0.2,0.3,0.7,no
394,Steve Burtt,47,8.9,4.2,1.5,4,38.3,0,0,0,1.1,1.6,68.8,0.2,0.4,0.6,0.4,0.5,0.1,0.7,no
395,Leon Wood,38,7.1,3.2,1.3,3.5,37.3,0.1,0.8,13.3,0.5,0.7,69.2,0.1,0.4,0.5,1.2,0.2,0,0.7,yes
396,Charlie Sitton,43,7.1,2.1,0.9,2.2,41.5,0,0,0,0.3,0.6,52,0.6,0.8,1.4,0.6,0.2,0.1,0.4,no
397,Tom Scheffler,39,6.9,1.3,0.5,1.3,41.2,0,0,0,0.3,0.5,50,0.5,1.5,1.9,0.3,0.2,0.3,0.4,no
398,Willie White,39,6,3.3,1.3,3.2,41.9,0.1,0.3,36.4,0.5,0.8,67.7,0.4,0.5,0.9,0.7,0.1,0.1,0.8,no
399,Rick Carlisle,38,4.7,1.8,0.7,1.8,38.8,0,0.1,0,0.4,0.4,88.2,0.2,0.3,0.6,0.7,0.1,0,0.5,yes
400,Ralph Sampson*,82,32.8,21,8.7,16.7,52.3,0,0,25,3.5,5.3,66.1,3.6,7.6,11.1,2,0.8,2.4,3.6,yes
401,Steve Stipanovich,81,30,12,4.8,10.1,48,0,0.2,18.8,2.3,3,75.3,1.4,5.5,6.9,2.1,0.9,0.8,2,yes
402,Ennis Whatley,80,27,8.4,3.3,7,46.9,0,0,0,1.8,2.5,73,0.8,1.7,2.5,8.3,1.5,0.2,3.4,yes
403,Rodney McCray,79,26.3,10.8,4.2,8.5,49.9,0,0.1,25,2.3,3.2,73.1,2.2,3.5,5.7,2.2,0.7,0.7,1.5,yes
405,Mitchell Wiggins,82,25.9,12.4,4.9,10.9,44.8,0.1,0.4,24.1,2.6,3.5,74.2,1.7,2.3,4,2.3,1.3,0.1,1.7,yes
406,Thurl Bailey,81,24.8,8.5,3.7,7.3,51.2,0,0,0,1.1,1.4,75.2,1.4,4.3,5.7,1.6,0.5,1.5,1.3,yes
407,Jeff Malone,81,24.4,12.1,5,11.3,44.4,0.3,0.9,32.4,1.8,2.1,82.6,0.7,1.2,1.9,1.9,0.3,0.2,1.4,yes
408,Doc Rivers,81,23.9,9.3,3.1,6.7,46.2,0,0.1,16.7,3.1,4,78.5,0.9,1.8,2.7,3.9,1.6,0.4,2.1,yes
409,Roy Hinson,80,23.2,5.5,2.3,4.6,49.6,0,0,0,0.9,1.5,59,2.2,4.1,6.2,0.9,0.4,1.8,1.4,yes
410,Byron Scott,74,22.1,10.6,4.5,9.3,48.4,0.1,0.5,23.5,1.5,1.9,80.6,0.7,1.5,2.2,2.4,1.1,0.3,1.6,yes
411,Paul Thompson,82,21.1,9,3.8,8.1,46.7,0.1,0.5,23.1,1.4,1.8,77.2,1.5,2.3,3.8,1.5,0.8,0.5,0.9,no
412,Derek Harper,82,20.9,5.7,2.4,5.5,44.3,0,0.3,11.5,0.8,1.2,67.3,0.6,1.5,2.1,2.9,1.2,0.3,1.4,yes
413,Fred Roberts,79,19.4,7.3,2.7,5.1,53.6,0,0.1,25,1.8,2.2,83.7,1.3,2.6,3.8,1.2,0.7,0.5,1.3,yes
414,Rod Foster,80,17.8,8.3,3.3,7.3,44.8,0.3,1.1,26.2,1.5,1.9,78.7,0.5,1,1.5,2.2,0.7,0.1,1.4,no
415,Dewayne Dedmon,31,12.6,3.1,1.2,2.7,45.8,0,0,0,0.7,1,65.6,1.2,2.9,4.1,0.2,0.2,0.7,0.6,no
416,Jon Sundvold,73,17.6,6.9,3,6.7,44.5,0.1,0.5,24.3,0.9,1,88.9,0.3,0.9,1.2,3.3,0.4,0,1.1,yes
417,Clyde Drexler*,82,17.2,7.7,3.1,6.8,45.1,0,0,25,1.5,2.1,72.8,1.4,1.5,2.9,1.9,1.3,0.3,1.5,yes
418,Jim Thomas,72,16.9,6.3,2.6,5.6,46.4,0,0.2,9.1,1.1,1.5,72.7,0.8,1.3,2.1,1.8,0.8,0.1,1,no
419,Darrell Walker,82,16.1,7.9,2.6,6.3,41.7,0,0.2,26.7,2.5,3.2,79.1,0.9,1.1,2,3.5,1.6,0.2,2.4,yes
420,Sidney Lowe,78,15.9,4.2,1.4,3.3,41.3,0,0.2,11.1,1.4,1.8,77.7,0.4,1.2,1.6,3.4,1.2,0.1,1.4,no
421,Dale Ellis,67,15.8,8.2,3.4,7.4,45.6,0.2,0.4,41.4,1.3,1.8,71.9,1.6,2.1,3.7,0.8,0.6,0.1,1.2,yes
422,Darren Daye,75,15.7,6.1,2.4,5.4,44.1,0,0.1,0,1.3,1.8,71.4,1.2,1.3,2.5,2.3,0.5,0.2,1.3,yes
423,Randy Wittman,78,13.7,4.5,2.1,4.1,50.3,0,0.1,40,0.4,0.6,60.9,0.2,0.7,0.9,0.9,0.2,0,0.4,yes
424,Sidney Green,49,13.6,5.2,2,4.7,43.9,0,0,0,1.1,1.6,71.4,1.2,2.4,3.6,0.5,0.4,0.3,1.2,yes
425,Granville Waiters,78,13.3,3.6,1.6,3.1,51.7,0,0,0,0.4,0.7,60.8,0.8,2.1,2.9,0.8,0.3,1.1,0.8,yes
426,C.J. McCollum,38,12.5,5.3,1.9,4.7,41.6,0.8,2.1,37.5,0.6,0.9,67.6,0.2,1.1,1.3,0.7,0.4,0.1,0.9,no
427,Howard Carter,55,12.5,6.2,2.6,5.7,45.9,0.1,0.3,26.3,0.9,1.1,77,0.7,0.9,1.6,1.3,0.3,0.1,0.8,no
428,Dane Suttle,40,11.7,6.5,2.7,5.4,50.9,0,0.1,0,1,1.2,85.1,0.5,0.6,1.2,1.2,0.5,0,0.8,no
429,Scooter McCray,47,11.1,2.7,1,2.6,38.8,0,0,0,0.7,1.1,70,1,1.5,2.4,0.9,0.2,0.4,0.7,no
430,Sedale Threatt,45,10.3,3.3,1.4,3.3,41.9,0,0.2,12.5,0.5,0.6,82.1,0.4,0.5,0.9,0.9,0.3,0,0.7,yes
431,John Paxson,49,9.3,2.9,1.2,2.8,44.5,0.1,0.4,18.2,0.3,0.5,61.5,0.1,0.6,0.7,3,0.2,0,0.7,yes
432,Leroy Combs,48,9.3,4.5,1.7,3.4,49.7,0,0.1,0,1.2,1.9,61.5,0.4,0.8,1.2,0.8,0.5,0.4,1,no
433,Larry Micheaux,39,8.5,3.1,1.3,2.3,54.4,0,0,0,0.5,1,53.8,1,1.9,2.9,0.5,0.5,0.3,0.5,no
434,Randy Breuer,57,8.3,2.9,1.2,3.1,38.4,0,0,0,0.6,0.8,69.6,0.8,1.1,1.9,0.3,0.2,0.7,0.6,yes
435,Pace Mannion,57,8.2,2.1,0.9,2.2,39.7,0.1,0.2,23.1,0.3,0.4,78.3,0.4,0.6,1,0.8,0.4,0,0.4,yes
436,Kris Dunn,33,16.9,4.1,1.5,4.1,37.3,0.3,0.9,29,0.8,1.2,62.5,0.4,1.9,2.2,2.4,1,0.3,1.2,no
437,Robbie Hummel,53,12.4,3.4,1.3,3.3,37.9,0.6,1.7,36,0.3,0.3,93.8,0.7,1.8,2.5,0.4,0.3,0,0.2,no
438,Bruce Kuczenski,15,7.9,1.9,0.7,2.5,27,0,0,0,0.5,0.8,66.7,0.5,1.1,1.5,0.5,0.1,0.1,1,no
439,Russell Cross,45,7.9,3.7,1.4,2.5,57.1,0,0,0,0.8,2,41.8,0.8,1,1.8,0.5,0.3,0.2,0.4,no
440,Bob Hansen,55,7.6,2.7,1.2,2.6,44.8,0,0.1,0,0.3,0.5,64.3,0.2,0.6,0.9,0.8,0.3,0.1,0.6,yes
441,Greg Kite,35,5.6,1.9,0.9,1.9,45.5,0,0,0,0.1,0.5,31.3,0.8,1,1.8,0.2,0,0.1,0.6,yes
442,Terry Cummings,70,36.2,23.7,9.8,18.7,52.3,0,0,0,4.2,5.9,70.9,4.3,6.3,10.6,2.5,1.8,0.9,2.9,yes
443,Clark Kellogg,81,34.1,20.1,8.4,17.5,47.9,0,0.2,22.2,3.2,4.3,74.1,4.2,6.4,10.6,2.8,1.7,0.5,2.7,yes
444,Quintin Dailey,76,27.4,15.1,6.2,13.3,46.6,0.1,0.3,20,2.7,3.7,73,1.1,2.3,3.4,3.7,0.9,0.1,2.7,yes
445,Rod Higgins,82,26.8,10.3,3.8,8.5,44.8,0.2,0.5,31.7,2.5,3.2,79.2,1.9,2.5,4.5,2.1,0.8,0.8,1.6,yes
446,Craig Hodges,76,26.6,9.9,4.2,9.3,45.2,0.3,1.2,22.2,1.2,1.7,72.3,0.7,0.9,1.6,3.6,1.1,0.1,2.1,yes
447,Jeff Withey,58,11.8,3.3,1.2,2.2,53.5,0,0,0,0.9,1.3,71.2,0.8,1.7,2.6,0.4,0.3,0.9,0.3,no
448,James Worthy*,77,25.6,13.4,5.8,10,57.9,0,0.1,25,1.8,2.9,62.4,2,3.1,5.2,1.7,1.2,0.8,2.3,yes
449,Trent Tucker,78,23.5,8.4,3.8,8.3,46.2,0.2,0.4,46.7,0.6,0.8,67.2,1,1.8,2.8,2.5,0.7,0.1,0.9,yes
450,Terry Teagle,73,23.4,10.4,4.5,10.6,42.8,0.1,0.4,34.5,1.2,1.7,69.6,1,1.6,2.7,2.1,0.7,0.3,1.9,yes
451,Marc Iavaroni,80,20.2,5.1,2,4.4,46.2,0,0,0,1,1.4,69,1.5,2.7,4.1,1,0.4,0.6,1.7,yes
452,Ed Nealy,82,20,4.4,1.8,3,59.5,0,0,0,0.9,1.4,61.4,2.1,3.8,5.9,0.8,0.8,0.1,0.6,yes
453,Rob Williams,74,19.5,7,2.6,6.3,40.8,0,0.2,13.3,1.8,2.4,75.3,0.5,1.3,1.8,4.9,1.2,0.2,2.5,no
454,Jerry Eaves,82,19.4,9.3,3.4,7,48.7,0,0.1,12.5,2.4,3,81,0.4,1.1,1.5,2.6,0.6,0,1.9,no
455,Paul Pressey,79,19.3,6.7,2.7,5.9,45.7,0,0.1,11.1,1.3,2.2,59.7,1.1,2.5,3.6,2.6,1.3,0.6,2,yes
456,Brandon Davies,51,11.3,2.8,1.1,2.5,42.2,0,0.2,20,0.7,1,64.2,0.7,1.4,2.1,0.5,0.5,0.2,0.7,no
457,Lester Conner,75,18.9,4.9,1.9,4,47.9,0,0.1,0,1.1,1.5,69.9,0.9,2,2.9,3.4,1.6,0.1,1.3,yes
458,Mark Eaton,81,18.9,4.3,1.8,4.4,41.4,0,0,0,0.7,1.1,65.6,1.1,4.6,5.7,1.4,0.3,3.4,1.7,yes
459,Bill Garnett,75,18.8,6.3,2.3,4.3,53.3,0,0,0,1.7,2.3,74.1,1.9,3.5,5.4,1.4,0.6,0.9,1.1,no
460,Jeff Taylor,44,17.6,3.6,1.5,3.6,40,0,0,0,0.7,1,65.2,0.6,1.2,1.8,2.5,0.9,0.3,1.4,no
461,Jeff Taylor,77,19.6,6.1,2.2,5.2,43.1,0.7,2,34.4,1,1.3,72.8,0.7,1.3,1.9,0.8,0.6,0.2,0.6,no
462,Bryan Warrick,43,16.9,4,1.5,4,38,0,0.1,0,1,1.3,73.7,0.3,1.3,1.6,2.9,0.5,0.2,1.6,no
463,Sleepy Floyd,76,16.4,8.1,3,6.9,42.9,0.1,0.3,40,2,2.4,83.3,0.7,1.1,1.8,1.8,0.8,0.2,1.4,yes
464,Richard Anderson,78,16.3,5.2,2.2,5.5,40.4,0.1,0.2,36.8,0.6,0.9,69.6,1.4,2.1,3.5,1.5,0.7,0.3,1.2,yes
465,Russ Schoene,77,15.9,6.2,2.7,5.6,47.6,0,0.1,25,0.8,1.1,73.5,1.2,2.1,3.3,0.8,0.3,0.3,1.1,no
466,John Bagley,68,14.6,5.7,2.4,5.5,43.2,0,0.2,0,0.9,1.2,76.2,0.3,1.2,1.4,2.5,0.8,0.1,1.7,yes
467,Archie Goodwin,52,10.3,3.7,1.5,3.2,45.5,0.1,0.7,13.9,0.7,1.1,67.3,0.5,1.2,1.7,0.4,0.4,0.2,0.8,no
468,Cliff Levingston,62,14.2,5.6,2.1,4.4,48.5,0,0,0,1.4,2.4,57.1,1.7,2.1,3.7,0.8,0.4,0.6,1.2,yes
469,LaSalle Thompson,71,13.9,5.4,2.1,4,51.2,0,0,0,1.3,1.9,65,1.9,3.4,5.3,0.5,0.6,0.9,1.4,yes
470,Bruce Flowers,53,13.2,4.9,2.1,3.9,53.4,0,0,0,0.8,1,77.4,1.3,2.1,3.4,0.9,0.4,0.2,0.8,no
471,Corny Thompson,44,11.8,2.8,1,3.1,31.4,0,0,0,0.8,1,78.3,0.9,1.8,2.7,0.8,0.3,0.2,0.7,no
472,Walker Russell,68,11.1,2.7,1,2.7,36.4,0,0.3,11.1,0.7,0.9,81,0.3,0.8,1.1,1.9,0.2,0,1.4,no
473,Walker Russell,68,11.1,2.7,1,2.7,36.4,0,0.3,11.1,0.7,0.9,81,0.3,0.8,1.1,1.9,0.2,0,1.4,yes
474,David Thirdkill,49,10.6,4,1.5,3.5,43.5,0,0.1,14.3,0.9,1.6,57.7,0.6,0.9,1.5,0.7,0.4,0.1,1,yes
475,Dave Batton,54,10.3,3.3,1.6,3.5,44.5,0,0.1,0,0.1,0.3,47.1,0.8,1.4,2.2,0.5,0.3,0.2,0.5,no
476,Darren Tillis,52,10.1,3.2,1.5,3.5,42,0,0,0,0.3,0.5,57.1,0.8,1.7,2.5,0.3,0.1,0.6,0.4,no
477,Brook Steppe,62,9.8,4,1.4,2.8,47.7,0,0.1,14.3,1.2,1.6,76,0.4,0.8,1.2,1.1,0.4,0.1,0.9,yes
478,Rory White,65,9.6,5,2,3.6,54.3,0,0,0,1.1,1.7,64.2,0.7,0.9,1.6,0.5,0.3,0,0.8,yes
479,Andre Roberson,40,10,1.9,0.8,1.7,48.5,0.1,0.3,15.4,0.2,0.3,70,0.9,1.5,2.4,0.4,0.5,0.3,0.5,no
480,Linton Townes,55,9.4,4.5,1.9,4.3,44.9,0.2,0.5,36,0.5,0.7,73.7,0.5,0.6,1.2,0.6,0.3,0.1,0.6,no
481,Eddie Phillips,48,8.7,3.2,1.2,2.9,40.6,0,0,0,0.8,1.2,67.8,0.6,1,1.6,0.6,0.3,0.2,1,no
482,Jim Johnstone,23,8.3,1.3,0.5,1.3,36.7,0,0,0,0.4,0.9,45,0.7,1.3,2,0.5,0.1,0.3,0.7,no
483,Jose Slaughter,63,8.2,3.6,1.4,3.8,37.4,0.1,0.7,22,0.6,0.9,64.4,0.5,0.5,1.1,0.8,0.6,0.1,0.7,no
484,Rickey Williams,44,7.9,3.3,1.3,3.1,41.5,0,0.1,0,0.8,1.2,66,0.3,0.5,0.9,0.8,0.5,0.1,0.9,no
485,Chris Engler,54,6.8,1.5,0.7,1.7,40.4,0,0,0,0.1,0.3,31.3,0.8,1.1,1.9,0.2,0.1,0.3,0.4,yes
486,Ricky Pierce,39,6.8,2.2,0.8,2.3,37.5,0,0.2,14.3,0.5,0.8,56.3,0.4,0.5,0.9,0.4,0.2,0.1,0.5,yes
487,Mark McNamara,36,5.1,2.2,0.8,1.8,45.3,0,0,0,0.6,1.3,44.4,0.9,1.2,2.1,0.2,0.1,0.1,1,yes
488,Scott Hastings,31,4.5,1.2,0.4,1.2,34.2,0,0.1,0,0.4,0.6,55,0.5,0.8,1.3,0.1,0.2,0,0.3,yes
489,Oliver Robinson,35,4.2,2.9,1,2.8,36.1,0,0.3,9.1,0.9,1.3,66.7,0.2,0.3,0.5,0.6,0.1,0.1,0.4,no
490,Kelly Tripucka,82,37.5,21.6,7.8,15.6,49.6,0.1,0.3,22.7,6,7.6,79.7,2.7,2.7,5.4,3.3,1.1,0.2,3.4,yes
491,Buck Williams,82,34.5,15.5,6.3,10.7,58.2,0,0,0,3,4.7,62.4,4.2,8,12.3,1.3,1,1,2.9,yes
492,Isiah Thomas*,72,33.8,17,6.3,14.8,42.4,0.2,0.8,28.8,4.2,6,70.4,0.8,2.1,2.9,7.8,2.1,0.2,4.2,yes
493,Tom Chambers,81,33.1,17.2,6.8,13,52.5,0,0,0,3.5,5.7,62,2.6,4.3,6.9,1.8,0.7,0.6,2.7,yes
494,Jay Vincent,81,32.4,21.4,8.9,17.9,49.7,0,0,25,3.6,5,71.6,2.2,4.7,7,2.2,1.1,0.3,2.4,yes
495,Mark Aguirre,51,28.8,18.7,7.5,16.1,46.5,0.5,1.4,35.2,3.3,4.8,68,1.7,3.1,4.9,3.2,0.7,0.4,2.6,yes
496,Herb Williams,82,27.8,11.5,5,10.4,47.7,0,0.1,28.6,1.5,2.3,67,2.1,5.2,7.4,1.7,0.7,2.2,1.7,yes
497,Jeff Ruland,82,27,14.4,5.1,9.1,56.1,0,0,33.3,4.2,5.5,75.2,3.1,6.2,9.3,1.6,0.5,0.7,2.9,yes
498,Frank Johnson,79,25.7,10.7,4.3,10.3,41.4,0.2,1,21.5,1.9,2.6,75,0.4,1.4,1.9,4.8,1,0.1,2,yes
499,Elston Turner,80,25,8.3,3.5,8,44.1,0,0.1,0,1.2,1.7,70.3,1.8,2,3.8,2.4,0.9,0,1.4,yes
500,Steve Johnson,78,22.3,12.8,5.1,8.3,61.3,0,0,0,2.7,4.2,64.2,1.9,3.9,5.9,1.2,0.5,1.1,2.5,yes
501,Albert King,76,22.3,12.1,5.1,10.7,48.2,0,0.2,23.1,1.8,2.3,77.8,1.4,2.7,4.1,1.9,0.8,0.5,2.4,yes
502,Gene Banks,80,21.3,9.6,3.9,8.2,47.7,0,0.1,0,1.8,2.7,68.4,2,3.2,5.1,1.8,0.7,0.2,1.3,yes
503,Eddie Johnson,74,20.5,9.3,4,8.7,45.9,0,0.1,9.1,1.3,2,66.4,1.7,2.6,4.4,1.5,0.7,0.2,1.3,yes
504,Eddie Johnson,74,20.5,9.3,4,8.7,45.9,0,0.1,9.1,1.3,2,66.4,1.7,2.6,4.4,1.5,0.7,0.2,1.3,yes
505,Danny Schayes,82,19.8,7.9,3.1,6.4,48.1,0,0,0,1.7,2.3,75.7,1.6,3.6,5.2,1.8,0.6,0.9,1.8,yes
506,Rudy Macklin,79,19.2,7,2.7,6.1,43.4,0,0,0,1.7,2.2,77.5,1.4,1.9,3.3,0.6,0.5,0.3,1.4,no
507,Sam Williams,59,18.2,6.1,2.6,4.7,55.6,0,0,0,0.8,1.5,55.1,1.5,3.7,5.2,0.6,0.8,1.3,1.1,no
508,Kurt Rambis,64,17.7,4.6,1.8,3.6,51.8,0,0,0,0.9,1.8,50.4,1.8,3.6,5.4,0.9,0.9,1.2,1.2,yes
509,Kurt Nimphius,63,17.2,5.3,2.2,4.7,46.1,0,0,0,1,1.7,58.3,1.5,3.2,4.7,1,0.3,1.3,0.9,yes
510,Pete Verhoeven,71,17,4.9,2.1,4.2,50.3,0,0,0,0.7,1,70.8,1.5,2.1,3.6,0.7,0.6,0.3,0.8,yes
511,Darnell Valentine,82,16.9,6.4,2.3,5.5,41.3,0,0.1,0,1.9,2.4,76,0.6,1.2,1.8,3.3,1.1,0,1.6,yes
512,Jim Brogan,63,16.3,6.3,2.6,5.8,45.3,0.1,0.5,28.1,1,1.3,72.6,1,0.9,1.9,2.5,0.8,0.2,1.3,no
513,John Douglas,64,16.1,7,2.8,6.1,46.5,0.3,0.9,30.5,1,1.6,65.7,0.4,1,1.4,2.3,0.8,0.1,1.4,no
514,Kevin Loder,71,16,6.9,2.9,6.3,46.4,0,0.2,0,1.1,1.5,72,1,1.8,2.7,1.2,0.5,0.4,1,no
515,Orlando Woolridge,75,15.8,7.3,2.7,5.3,51.3,0,0,0,1.9,2.7,69.9,1.1,1.9,3,1.1,0.3,0.3,1.4,yes
516,Alton Lister,80,14.8,4.5,1.9,3.6,51.9,0,0,0,0.8,1.5,52,1.4,3.5,4.8,1.1,0.2,1.5,1.6,yes
517,Larry Nance,80,14.8,6.6,2.8,5.5,52.1,0,0,0,0.9,1.5,64.1,1.2,2,3.2,1,0.5,0.9,1.3,yes
518,Danny Vranes,77,14,4.9,1.9,3.4,54.6,0,0,0,1.2,1.9,60.1,0.9,1.6,2.6,0.7,0.4,0.3,0.9,yes
519,Ed Rains,49,13,3.9,1.6,3.6,43.5,0,0,0,0.8,1.3,59.4,0.8,0.9,1.6,0.8,0.4,0,0.5,no
520,Peyton Siva,24,9.3,2.3,0.8,2.4,31.6,0.3,1,28,0.5,0.6,73.3,0.1,0.5,0.6,1.4,0.4,0,0.8,no
521,Jim Smith,72,11.9,2.9,1.2,2.3,50.9,0,0,0,0.5,1.2,45.9,1,1.5,2.5,0.6,0.3,0.7,0.7,no
522,Jeff Lamp,54,11.4,4.6,1.9,3.6,51,0,0,0,0.9,1.1,82,0.4,0.7,1.2,0.5,0.3,0,0.8,yes
523,Ray Blume,49,11.1,4.6,2.1,4.5,45.9,0.1,0.4,22.2,0.4,0.6,64.3,0.3,0.6,0.8,1.4,0.5,0,1.1,no
524,Garry Witts,46,10.7,2.9,1.1,1.8,58.3,0,0,50,0.7,0.9,82.5,0.6,0.7,1.3,0.8,0.4,0.1,0.8,no
525,Charlie Davis,54,10.6,3.8,1.6,3.4,47.8,0,0,0,0.6,0.7,81.1,1,1.5,2.5,0.6,0.2,0.2,0.8,no
526,Danny Ainge,53,10.6,4.1,1.5,4.2,35.7,0.1,0.3,29.4,1.1,1.2,86.2,0.5,0.6,1.1,1.6,0.7,0.1,1,yes
527,Mike McGee,39,9,4.9,2.1,4.4,46.5,0,0.1,0,0.8,1.4,58.5,0.9,0.4,1.3,0.4,0.5,0.1,0.9,yes
528,Mark Radford,43,8.6,3.4,1.3,2.3,54,0,0.1,66.7,0.8,1.6,50.7,0.3,0.4,0.7,1.3,0.4,0.1,1,no
529,Alex Bradley,39,8.5,3.5,1.4,2.6,52.4,0,0,0,0.7,1.2,60.4,0.8,0.9,1.7,0.3,0.3,0.1,0.7,no
530,Reggie Bullock,43,9.2,2.7,1,2.8,35.5,0.5,1.7,30.1,0.2,0.2,77.8,0.3,1,1.3,0.3,0.2,0,0.3,no
531,Howard Wood,42,8.1,3.4,1.3,2.9,45.8,0,0,0,0.8,1.2,65.4,0.5,1,1.5,0.2,0.2,0.1,0.4,no
532,Franklin Edwards,42,6.9,3.6,1.5,3.6,43.3,0,0.2,0,0.5,0.6,74.1,0.2,0.4,0.6,1.1,0.4,0.1,0.6,yes
533,Bobby Cattage,49,6.9,3.1,1.2,2.8,44.4,0,0,0,0.6,0.8,73.2,0.4,1,1.5,0.1,0.1,0,0.4,no
534,Charles Bradley,51,6.6,3,1.1,2.4,45.1,0,0,0,0.8,1.2,67.7,0.2,0.5,0.7,0.4,0.3,0.1,0.7,no
535,Kevin McKenna,36,6.6,1.9,0.8,2.4,32.2,0,0.1,0,0.3,0.5,64.7,0.5,0.3,0.8,0.4,0.3,0.1,0.6,yes
536,Joe Barry Carroll,82,35.6,18.9,7.5,15.3,49.1,0,0,0,3.8,5.4,71.6,3.3,5.9,9.3,1.4,0.6,1.5,3,yes
537,Darrell Griffith,81,35.4,20.6,8.8,19.1,46.4,0.1,0.6,19.2,2.8,4,71.6,1,2.6,3.6,2.4,1.3,0.5,2.9,yes
538,Larry Smith,82,31.4,9.6,3.7,7.2,51.2,0,0,0,2.2,3.7,58.8,5.3,6.8,12.1,1.1,0.8,0.8,1.8,yes
539,Mike O'Koren,79,31.3,11,4.6,9.5,48.6,0.1,0.2,27.8,1.7,2.7,63.7,2.3,3.8,6.1,3.2,1.1,0.3,1.9,yes
540,Kelvin Ransey,80,30.4,15.2,6.6,14.5,45.2,0,0.4,9.7,2.1,2.7,74.9,0.5,1.9,2.4,6.9,1.1,0.1,2.9,yes
541,Malcolm Delaney,33,16.4,5.3,2,5.3,37.1,0.2,1.4,17.4,1.1,1.3,86,0.2,1.5,1.6,2.8,0.4,0,1.5,no
542,Otto Porter,37,8.6,2.1,0.9,2.5,36.3,0.1,0.6,19,0.2,0.3,66.7,0.6,1,1.5,0.3,0.2,0,0.4,no
543,Bill Laimbeer,81,30.4,9.8,4.2,8.3,50.3,0,0,0,1.4,1.9,76.5,3.3,5.3,8.6,2.7,0.7,1,1.6,yes
544,Michael Brooks,82,30.2,14.7,6,12.4,47.9,0,0.1,0,2.8,3.9,70.6,2.6,2.8,5.4,2.5,1.2,0.4,2,yes
545,Mike Gminski,56,28.2,13.2,5.2,12.3,42.3,0,0,0,2.8,3.6,76.7,2.4,5,7.5,1.3,1,1.8,2.3,yes
546,Darwin Cook,81,24.4,11.2,4.7,10.1,46.8,0.1,0.3,24,1.6,2.2,73.3,1.2,1.7,2.9,3.7,1.7,0.4,2.2,yes
547,Andrew Toney,75,23.6,12.9,5.3,10.7,49.5,0.1,0.4,31,2.1,3,71.2,0.4,1.5,1.9,3.6,0.8,0.1,2.9,yes
548,Cedrick Hordges,68,23.5,8.4,3.3,7.1,46,0,0,0,1.9,2.7,69.9,1.8,5,6.7,1.5,0.5,0.3,1.8,no
549,Calvin Garrett,70,23.4,6.1,2.7,5.9,45.3,0,0,33.3,0.7,0.9,80.6,1.2,2.6,3.8,1.9,0.7,0.1,1.3,no
550,Don Collins,81,22.8,11.5,4.4,10,44.4,0,0.1,0,2.6,3.4,77.6,1.6,1.7,3.3,2.3,1.3,0.3,2.1,yes
551,Louis Orr,82,21.8,10.5,4.2,8.6,49.1,0,0.1,0,2,2.5,80.7,2.1,2.3,4.4,1.6,0.7,0.3,1.5,yes
552,Reggie Johnson,79,21.7,10.2,4.3,8.6,49.9,0,0,0,1.6,2.4,66.3,1.7,2.9,4.5,1,0.6,0.6,1.6,no
553,Larry Drew,76,20.8,6.6,2.6,6.4,40.7,0.1,0.2,23.5,1.4,1.8,79.7,0.3,1.3,1.6,3.3,1.2,0.1,2.2,yes
554,Larry Drew,76,20.8,6.6,2.6,6.4,40.7,0.1,0.2,23.5,1.4,1.8,79.7,0.3,1.3,1.6,3.3,1.2,0.1,2.2,no
555,Kevin McHale*,82,20.1,10,4.3,8.1,53.3,0,0,0,1.3,1.9,67.9,1.9,2.5,4.4,0.7,0.3,1.8,1.3,yes
556,Lowes Moore,71,19.8,7,3,6.7,44.4,0.1,0.4,14.8,1,1.3,75,0.6,1.8,2.4,3.2,0.9,0.2,1.5,no
557,Wayne Robinson,81,19.7,7.9,2.9,6.3,46,0,0.1,0,2.2,3,72.9,1.4,2.2,3.6,1.4,0.6,0.3,1.8,no
558,Johnny Moore,82,19.2,7.4,3,6.3,47.9,0,0.2,5.3,1.3,2.1,61,0.7,1.7,2.4,4.5,1.5,0.3,1.9,yes
559,Jeff Wilkins,56,18.9,4.7,2.1,4.6,45,0,0,0,0.5,0.7,67.5,1.1,3.8,4.9,0.7,0.6,0.8,1.1,yes
560,Kyle Macy,82,17.9,8.1,3.3,6.5,51.1,0.1,0.6,23.5,1.3,1.5,89.9,0.5,1.1,1.6,2,0.9,0.1,1.2,yes
561,Bill Hanzlik,74,17,5.4,1.9,3.9,47.8,0,0.1,20,1.6,2,79.3,0.9,1.2,2.1,1.5,0.8,0.3,1.1,yes
562,Solomon Hill,28,8.1,1.7,0.6,1.4,42.5,0.3,0.8,30.4,0.2,0.3,85.7,0.3,1.1,1.5,0.4,0.2,0.1,0.5,no
563,Edgar Jones,60,15.8,8.7,3.2,6,52.9,0,0.1,0,2.4,3.6,67,1.5,2.9,4.4,0.7,0.6,1.4,1.7,yes
564,Sam Worthen,64,14.8,3.7,1.5,3,49.5,0,0.1,0,0.7,0.9,75,0.3,1.5,1.8,1.8,0.9,0.1,1.4,no
565,James Johnson,68,14.4,5.3,1.9,3.5,54.2,0,0,0,1.5,2.5,59.4,1.6,3,4.5,0.6,0.1,1.1,1,yes
566,James Johnson,65,11.6,3.9,1.5,3.2,45.2,0.2,0.7,32.6,0.8,1.1,72.9,0.5,1.4,2,0.7,0.3,0.7,0.9,yes
568,Rick Mahorn,52,13.4,4.8,2.1,4.2,50.7,0,0,0,0.5,0.8,67.5,1.3,2.8,4.1,0.5,0.4,0.8,0.7,yes
569,Rickey Brown,45,12.9,4,1.8,3.6,51.2,0,0,0,0.4,0.5,76.2,1.2,2.5,3.7,0.5,0.2,0.3,0.7,yes
570,Butch Carter,54,12.4,5.6,2.1,4.6,46.2,0.1,0.2,30,1.3,1.8,73.7,0.6,0.6,1.2,1,0.4,0,0.9,yes
571,Mike Woodson,81,11.7,4.7,2,4.6,44.2,0,0.1,20,0.6,0.8,76.6,0.4,0.8,1.2,0.9,0.4,0.1,0.7,yes
572,John Duren,40,11.5,1.8,0.8,2.5,32.7,0,0,0,0.1,0.2,55.6,0.2,0.7,0.9,1.4,0.5,0.1,0.9,no
573,James Wilkes,48,11.3,4.1,1.8,3.8,46.2,0,0,0,0.6,0.9,69,0.8,1.3,2,0.6,0.5,0.3,0.7,no
574,Shabazz Muhammad,37,7.8,3.9,1.5,3.4,46,0.1,0.3,27.3,0.7,1.1,65,0.6,0.8,1.4,0.2,0.2,0,0.4,no
575,DeWayne Scales,44,11,4.9,2.1,5.1,41.8,0,0.1,16.7,0.6,0.9,66.7,1.1,1.9,3,0.2,0.3,0.1,0.7,no
576,Craig Shelton,55,10.7,4.3,1.8,4,45.7,0,0,0,0.6,1.1,60.3,1.1,1.4,2.5,0.5,0.3,0.1,1.1,no
577,Earl Cureton,52,10.2,4.2,1.8,3.9,45.4,0,0,0,0.6,1.2,51.6,1,2,3,0.5,0.4,0.4,0.6,yes
578,Billy Reid,59,10.1,3.2,1.4,3.1,45.4,0,0.1,0,0.4,0.7,56.4,0.5,0.6,1,1.2,0.6,0.1,1.3,no
579,Jerry Sichting,47,9.6,2,0.7,2,35.8,0,0.1,0,0.5,0.7,78.1,0.2,0.7,0.9,1.5,0.5,0,0.6,yes
580,Reggie Carter,60,8.9,2.8,1,3,33,0,0.1,0,0.9,1.2,73.9,0.5,0.7,1.2,1.3,0.4,0,0.6,no
581,Mike Harper,55,8.4,2.7,1,2.5,41.2,0,0.1,0,0.7,1.5,43.5,0.5,1.2,1.7,0.3,0.4,0.4,0.6,no
582,Mike Niles,44,5.3,2.6,1.1,3.1,34.8,0,0.1,50,0.4,0.8,45.9,0.6,0.7,1.3,0.3,0.2,0,0.6,no
583,Toure' Murry,51,7.3,2.7,1.1,2.5,43.4,0.1,0.2,41.7,0.5,0.8,59,0.3,0.6,0.9,1,0.4,0,0.7,no
584,Dionte Christmas,31,6.4,2.3,0.7,2,35.5,0.3,1,29,0.6,0.8,75,0.4,0.8,1.2,0.3,0.1,0.1,0.2,no
585,Damian Lillard,82,38.6,19,6.7,15.7,42.9,2.3,6.1,36.8,3.3,3.9,84.4,0.5,2.6,3.1,6.5,0.9,0.2,3,yes
586,Bradley Beal,56,31.2,13.9,5,12.3,41,1.6,4.2,38.6,2.2,2.8,78.6,0.8,3,3.8,2.4,0.9,0.5,1.6,yes
587,Semaj Christon,33,15.6,3,1.3,4,31.8,0.2,1.1,16.7,0.3,0.5,52.9,0.4,1,1.4,2.5,0.4,0.1,0.7,no
588,Anthony Davis,64,28.8,13.5,5.5,10.6,51.6,0,0.1,0,2.6,3.5,75.1,2.6,5.6,8.2,1,1.2,1.8,1.4,yes
589,Dion Waiters,61,28.8,14.7,5.5,13.4,41.2,1,3.3,31,2.6,3.5,74.6,0.4,2.1,2.4,3,1,0.3,2,yes
590,Kyle Singler,82,28,8.8,3.4,7.8,42.8,0.9,2.4,35,1.2,1.5,80.6,1.3,2.7,4,0.9,0.7,0.5,1.2,yes
591,Tyler Zeller,77,26.4,7.9,3.2,7.3,43.8,0,0.1,0,1.6,2,76.4,2.1,3.6,5.7,1.2,0.5,0.9,1.2,yes
592,Maurice Harkless,76,26,8.2,3.4,7.4,46.1,0.4,1.5,27.4,1,1.7,57,1.6,2.8,4.4,0.7,1.2,0.8,0.9,yes
593,Michael Kidd-Gilchrist,78,26,9,3.6,7.9,45.8,0,0.1,22.2,1.8,2.4,74.9,1.7,4.2,5.8,1.5,0.7,0.9,1.3,yes
594,Harrison Barnes,81,25.4,9.2,3.4,7.8,43.9,0.6,1.8,35.9,1.8,2.3,75.8,0.7,3.5,4.1,1.2,0.6,0.2,1.3,yes
595,Austin Rivers,61,23.2,6.2,2.4,6.4,37.2,0.5,1.4,32.6,1,1.8,54.6,0.3,1.5,1.8,2.1,0.4,0.1,1.2,yes
596,Caris LeVert,12,15.5,4.7,1.6,4.4,35.8,0.8,2.6,32.3,0.7,1,66.7,0.3,2.3,2.6,1.3,0.9,0.2,0.6,no
597,Andre Drummond,60,20.7,7.9,3.5,5.7,60.8,0,0,50,1,2.7,37.1,2.8,4.8,7.6,0.5,1,1.6,0.9,yes
598,Jared Sullinger,45,19.8,6,2.5,5,49.3,0,0.1,20,1,1.4,74.6,2,3.8,5.9,0.8,0.5,0.5,0.6,no
599,Meyers Leonard,69,17.5,5.5,2.2,4,54.5,0,0.1,42.9,1,1.3,80.9,1.2,2.5,3.7,0.5,0.2,0.6,0.7,yes
